Delta Time:ulong,Time:integer,Master ID:ubyte,Master Name:string,Channel Number:ubyte,Module:string,Data Message:string,Data:ulong,Domain:string,Class:string,Type:string,Data Size:ubyte,Address:uinteger,Micro Secs:float:decimal,Trace Status:string,Receiver Status:string,Local Delta Timestamp:ulong,Local Timestamp:integer,Overflow Count:ubyte,Program Address:uinteger:hex,
,0,,,,,,,,,,,,0.000000,Start of trace,,,0,,,
2,0,224,SM_STATISTICS_UNIT0,,SDRAM,,656,EMIF 0:Wr:ISS,ThroughPut per Sampleing Period(bytes/Sample Window(4095 cycles)),Value,,,0.000000,,,,0,,,
,0,224,SM_STATISTICS_UNIT0,,SDRAM,,512,EMIF 1:Wr:ISS,ThroughPut per Sampleing Period(bytes/Sample Window(4095 cycles)),Value,,,0.000000,,,,0,,,
1887,2,224,SM_STATISTICS_UNIT0,,SDRAM,,656,EMIF 0:Wr:ISS,ThroughPut per Sampleing Period(bytes/Sample Window(4095 cycles)),Value,,,0.022857,,,,0,,,
,2,224,SM_STATISTICS_UNIT0,,SDRAM,,640,EMIF 1:Wr:ISS,ThroughPut per Sampleing Period(bytes/Sample Window(4095 cycles)),Value,,,0.022857,,,,0,,,
74,1889,224,SM_STATISTICS_UNIT0,,SDRAM,,640,EMIF 0:Wr:ISS,ThroughPut per Sampleing Period(bytes/Sample Window(4095 cycles)),Value,,,21.588571,,,,0,,,
,1889,224,SM_STATISTICS_UNIT0,,SDRAM,,768,EMIF 1:Wr:ISS,ThroughPut per Sampleing Period(bytes/Sample Window(4095 cycles)),Value,,,21.588571,,,,0,,,
3696,1963,224,SM_STATISTICS_UNIT0,,SDRAM,,640,EMIF 0:Wr:ISS,ThroughPut per Sampleing Period(bytes/Sample Window(4095 cycles)),Value,,,22.434286,,,,0,,,
,1963,224,SM_STATISTICS_UNIT0,,SDRAM,,656,EMIF 1:Wr:ISS,ThroughPut per Sampleing Period(bytes/Sample Window(4095 cycles)),Value,,,22.434286,,,,0,,,
75,5659,224,SM_STATISTICS_UNIT0,,SDRAM,,640,EMIF 0:Wr:ISS,ThroughPut per Sampleing Period(bytes/Sample Window(4095 cycles)),Value,,,64.674286,,,,0,,,
,5659,224,SM_STATISTICS_UNIT0,,SDRAM,,624,EMIF 1:Wr:ISS,ThroughPut per Sampleing Period(bytes/Sample Window(4095 cycles)),Value,,,64.674286,,,,0,,,
3695,5734,224,SM_STATISTICS_UNIT0,,SDRAM,,640,EMIF 0:Wr:ISS,ThroughPut per Sampleing Period(bytes/Sample Window(4095 cycles)),Value,,,65.531429,,,,0,,,
,5734,224,SM_STATISTICS_UNIT0,,SDRAM,,672,EMIF 1:Wr:ISS,ThroughPut per Sampleing Period(bytes/Sample Window(4095 cycles)),Value,,,65.531429,,,,0,,,
1885,7929,224,SM_STATISTICS_UNIT0,,SDRAM,,640,EMIF 0:Wr:ISS,ThroughPut per Sampleing Period(bytes/Sample Window(4095 cycles)),Value,,,107.760000,,,,0,,,
1887,11314,224,SM_STATISTICS_UNIT0,,SDRAM,,768,EMIF 0:Wr:ISS,ThroughPut per Sampleing Period(bytes/Sample Window(4095 cycles)),Value,,,129.302857,,,,0,,,
,11314,224,SM_STATISTICS_UNIT0,,SDRAM,,640,EMIF 1:Wr:ISS,ThroughPut per Sampleing Period(bytes/Sample Window(4095 cycles)),Value,,,129.302857,,,,0,,,
74,13201,224,SM_STATISTICS_UNIT0,,SDRAM,,640,EMIF 0:Wr:ISS,ThroughPut per Sampleing Period(bytes/Sample Window(4095 cycles)),Value,,,150.868571,,,,0,,,
,13201,224,SM_STATISTICS_UNIT0,,SDRAM,,624,EMIF 1:Wr:ISS,ThroughPut per Sampleing Period(bytes/Sample Window(4095 cycles)),Value,,,150.868571,,,,0,,,
3696,13275,224,SM_STATISTICS_UNIT1,,SDRAM,,528,EMIF 0:Wr:ISS,ThroughPut per Sampleing Period(bytes/Sample Window(4095 cycles)),Value,,,151.714286,,,,0,,,
,13275,224,SM_STATISTICS_UNIT0,,SDRAM,,640,EMIF 1:Wr:ISS,ThroughPut per Sampleing Period(bytes/Sample Window(4095 cycles)),Value,,,151.714286,,,,0,,,
1887,16971,224,SM_STATISTICS_UNIT0,,SDRAM,,768,EMIF 0:Wr:ISS,ThroughPut per Sampleing Period(bytes/Sample Window(4095 cycles)),Value,,,193.954286,,,,0,,,
,16971,224,SM_STATISTICS_UNIT0,,SDRAM,,640,EMIF 1:Wr:ISS,ThroughPut per Sampleing Period(bytes/Sample Window(4095 cycles)),Value,,,193.954286,,,,0,,,
1884,18858,224,SM_STATISTICS_UNIT0,,SDRAM,,656,EMIF 0:Wr:ISS,ThroughPut per Sampleing Period(bytes/Sample Window(4095 cycles)),Value,,,215.520000,,,,0,,,
,18858,224,SM_STATISTICS_UNIT0,,SDRAM,,640,EMIF 1:Wr:ISS,ThroughPut per Sampleing Period(bytes/Sample Window(4095 cycles)),Value,,,215.520000,,,,0,,,
1887,20742,224,SM_STATISTICS_UNIT0,,SDRAM,,656,EMIF 0:Wr:ISS,ThroughPut per Sampleing Period(bytes/Sample Window(4095 cycles)),Value,,,237.051429,,,,0,,,
,20742,224,SM_STATISTICS_UNIT0,,SDRAM,,640,EMIF 1:Wr:ISS,ThroughPut per Sampleing Period(bytes/Sample Window(4095 cycles)),Value,,,237.051429,,,,0,,,
70,22629,224,SM_STATISTICS_UNIT0,,SDRAM,,640,EMIF 0:Wr:ISS,ThroughPut per Sampleing Period(bytes/Sample Window(4095 cycles)),Value,,,258.617143,,,,0,,,
,22629,224,SM_STATISTICS_UNIT0,,SDRAM,,640,EMIF 1:Wr:ISS,ThroughPut per Sampleing Period(bytes/Sample Window(4095 cycles)),Value,,,258.617143,,,,0,,,
3699,22699,224,SM_STATISTICS_UNIT0,,SDRAM,,656,EMIF 0:Wr:ISS,ThroughPut per Sampleing Period(bytes/Sample Window(4095 cycles)),Value,,,259.417143,,,,0,,,
,22699,224,SM_STATISTICS_UNIT0,,SDRAM,,640,EMIF 1:Wr:ISS,ThroughPut per Sampleing Period(bytes/Sample Window(4095 cycles)),Value,,,259.417143,,,,0,,,
1887,26398,224,SM_STATISTICS_UNIT0,,SDRAM,,640,EMIF 0:Wr:ISS,ThroughPut per Sampleing Period(bytes/Sample Window(4095 cycles)),Value,,,301.691429,,,,0,,,
,26398,224,SM_STATISTICS_UNIT0,,SDRAM,,656,EMIF 1:Wr:ISS,ThroughPut per Sampleing Period(bytes/Sample Window(4095 cycles)),Value,,,301.691429,,,,0,,,
71,28285,224,SM_STATISTICS_UNIT0,,SDRAM,,640,EMIF 0:Wr:ISS,ThroughPut per Sampleing Period(bytes/Sample Window(4095 cycles)),Value,,,323.257143,,,,0,,,
,28285,224,SM_STATISTICS_UNIT0,,SDRAM,,768,EMIF 1:Wr:ISS,ThroughPut per Sampleing Period(bytes/Sample Window(4095 cycles)),Value,,,323.257143,,,,0,,,
3698,28356,224,SM_STATISTICS_UNIT0,,SDRAM,,640,EMIF 0:Wr:ISS,ThroughPut per Sampleing Period(bytes/Sample Window(4095 cycles)),Value,,,324.068571,,,,0,,,
,28356,224,SM_STATISTICS_UNIT0,,SDRAM,,656,EMIF 1:Wr:ISS,ThroughPut per Sampleing Period(bytes/Sample Window(4095 cycles)),Value,,,324.068571,,,,0,,,
1887,32054,224,SM_STATISTICS_UNIT0,,SDRAM,,640,EMIF 0:Wr:ISS,ThroughPut per Sampleing Period(bytes/Sample Window(4095 cycles)),Value,,,366.331429,,,,0,,,
,32054,224,SM_STATISTICS_UNIT0,,SDRAM,,592,EMIF 1:Wr:ISS,ThroughPut per Sampleing Period(bytes/Sample Window(4095 cycles)),Value,,,366.331429,,,,0,,,
1883,33941,224,SM_STATISTICS_UNIT0,,SDRAM,,640,EMIF 0:Wr:ISS,ThroughPut per Sampleing Period(bytes/Sample Window(4095 cycles)),Value,,,387.897143,,,,0,,,
,33941,224,SM_STATISTICS_UNIT0,,SDRAM,,704,EMIF 1:Wr:ISS,ThroughPut per Sampleing Period(bytes/Sample Window(4095 cycles)),Value,,,387.897143,,,,0,,,
1887,35824,224,SM_STATISTICS_UNIT0,,SDRAM,,640,EMIF 0:Wr:ISS,ThroughPut per Sampleing Period(bytes/Sample Window(4095 cycles)),Value,,,409.417143,,,,0,,,
,35824,224,SM_STATISTICS_UNIT0,,SDRAM,,656,EMIF 1:Wr:ISS,ThroughPut per Sampleing Period(bytes/Sample Window(4095 cycles)),Value,,,409.417143,,,,0,,,
75,37711,224,SM_STATISTICS_UNIT0,,SDRAM,,784,EMIF 0:Wr:ISS,ThroughPut per Sampleing Period(bytes/Sample Window(4095 cycles)),Value,,,430.982857,,,,0,,,
,37711,224,SM_STATISTICS_UNIT0,,SDRAM,,640,EMIF 1:Wr:ISS,ThroughPut per Sampleing Period(bytes/Sample Window(4095 cycles)),Value,,,430.982857,,,,0,,,
3695,37786,224,SM_STATISTICS_UNIT0,,SDRAM,,512,EMIF 0:Wr:ISS,ThroughPut per Sampleing Period(bytes/Sample Window(4095 cycles)),Value,,,431.840000,,,,0,,,
,37786,224,SM_STATISTICS_UNIT0,,SDRAM,,640,EMIF 1:Wr:ISS,ThroughPut per Sampleing Period(bytes/Sample Window(4095 cycles)),Value,,,431.840000,,,,0,,,
1886,41481,224,SM_STATISTICS_UNIT0,,SDRAM,,656,EMIF 0:Wr:ISS,ThroughPut per Sampleing Period(bytes/Sample Window(4095 cycles)),Value,,,474.068571,,,,0,,,
,41481,224,SM_STATISTICS_UNIT0,,SDRAM,,640,EMIF 1:Wr:ISS,ThroughPut per Sampleing Period(bytes/Sample Window(4095 cycles)),Value,,,474.068571,,,,0,,,
74,43367,224,SM_STATISTICS_UNIT0,,SDRAM,,768,EMIF 0:Wr:ISS,ThroughPut per Sampleing Period(bytes/Sample Window(4095 cycles)),Value,,,495.622857,,,,0,,,
,43367,224,SM_STATISTICS_UNIT0,,SDRAM,,640,EMIF 1:Wr:ISS,ThroughPut per Sampleing Period(bytes/Sample Window(4095 cycles)),Value,,,495.622857,,,,0,,,
3695,43441,224,SM_STATISTICS_UNIT0,,SDRAM,,656,EMIF 0:Wr:ISS,ThroughPut per Sampleing Period(bytes/Sample Window(4095 cycles)),Value,,,496.468571,,,,0,,,
,43441,224,SM_STATISTICS_UNIT0,,SDRAM,,640,EMIF 1:Wr:ISS,ThroughPut per Sampleing Period(bytes/Sample Window(4095 cycles)),Value,,,496.468571,,,,0,,,
1887,47136,224,SM_STATISTICS_UNIT0,,SDRAM,,656,EMIF 0:Wr:ISS,ThroughPut per Sampleing Period(bytes/Sample Window(4095 cycles)),Value,,,538.697143,,,,0,,,
,47136,224,SM_STATISTICS_UNIT0,,SDRAM,,640,EMIF 1:Wr:ISS,ThroughPut per Sampleing Period(bytes/Sample Window(4095 cycles)),Value,,,538.697143,,,,0,,,
1887,49023,224,SM_STATISTICS_UNIT0,,SDRAM,,640,EMIF 0:Wr:ISS,ThroughPut per Sampleing Period(bytes/Sample Window(4095 cycles)),Value,,,560.262857,,,,0,,,
,49023,224,SM_STATISTICS_UNIT0,,SDRAM,,640,EMIF 1:Wr:ISS,ThroughPut per Sampleing Period(bytes/Sample Window(4095 cycles)),Value,,,560.262857,,,,0,,,
1883,50910,224,SM_STATISTICS_UNIT0,,SDRAM,,640,EMIF 0:Wr:ISS,ThroughPut per Sampleing Period(bytes/Sample Window(4095 cycles)),Value,,,581.828571,,,,0,,,
,50910,224,SM_STATISTICS_UNIT0,,SDRAM,,656,EMIF 1:Wr:ISS,ThroughPut per Sampleing Period(bytes/Sample Window(4095 cycles)),Value,,,581.828571,,,,0,,,
1887,52793,224,SM_STATISTICS_UNIT0,,SDRAM,,640,EMIF 0:Wr:ISS,ThroughPut per Sampleing Period(bytes/Sample Window(4095 cycles)),Value,,,603.348571,,,,0,,,
,52793,224,SM_STATISTICS_UNIT0,,SDRAM,,656,EMIF 1:Wr:ISS,ThroughPut per Sampleing Period(bytes/Sample Window(4095 cycles)),Value,,,603.348571,,,,0,,,
1883,54680,224,SM_STATISTICS_UNIT0,,SDRAM,,640,EMIF 0:Wr:ISS,ThroughPut per Sampleing Period(bytes/Sample Window(4095 cycles)),Value,,,624.914286,,,,0,,,
,54680,224,SM_STATISTICS_UNIT0,,SDRAM,,768,EMIF 1:Wr:ISS,ThroughPut per Sampleing Period(bytes/Sample Window(4095 cycles)),Value,,,624.914286,,,,0,,,
1888,56563,224,SM_STATISTICS_UNIT0,,SDRAM,,640,EMIF 0:Wr:ISS,ThroughPut per Sampleing Period(bytes/Sample Window(4095 cycles)),Value,,,646.434286,,,,0,,,
,56563,224,SM_STATISTICS_UNIT0,,SDRAM,,656,EMIF 1:Wr:ISS,ThroughPut per Sampleing Period(bytes/Sample Window(4095 cycles)),Value,,,646.434286,,,,0,,,
71,58451,224,SM_STATISTICS_UNIT0,,SDRAM,,640,EMIF 0:Wr:ISS,ThroughPut per Sampleing Period(bytes/Sample Window(4095 cycles)),Value,,,668.011429,,,,0,,,
,58451,224,SM_STATISTICS_UNIT0,,SDRAM,,560,EMIF 1:Wr:ISS,ThroughPut per Sampleing Period(bytes/Sample Window(4095 cycles)),Value,,,668.011429,,,,0,,,
3699,58522,224,SM_STATISTICS_UNIT0,,SDRAM,,640,EMIF 0:Wr:ISS,ThroughPut per Sampleing Period(bytes/Sample Window(4095 cycles)),Value,,,668.822857,,,,0,,,
,58522,224,SM_STATISTICS_UNIT0,,SDRAM,,736,EMIF 1:Wr:ISS,ThroughPut per Sampleing Period(bytes/Sample Window(4095 cycles)),Value,,,668.822857,,,,0,,,
1886,62221,224,SM_STATISTICS_UNIT0,,SDRAM,,656,EMIF 0:Wr:ISS,ThroughPut per Sampleing Period(bytes/Sample Window(4095 cycles)),Value,,,711.097143,,,,0,,,
,62221,224,SM_STATISTICS_UNIT0,,SDRAM,,640,EMIF 1:Wr:ISS,ThroughPut per Sampleing Period(bytes/Sample Window(4095 cycles)),Value,,,711.097143,,,,0,,,
70,64107,224,SM_STATISTICS_UNIT0,,SDRAM,,752,EMIF 0:Wr:ISS,ThroughPut per Sampleing Period(bytes/Sample Window(4095 cycles)),Value,,,732.651429,,,,0,,,
,64107,224,SM_STATISTICS_UNIT0,,SDRAM,,640,EMIF 1:Wr:ISS,ThroughPut per Sampleing Period(bytes/Sample Window(4095 cycles)),Value,,,732.651429,,,,0,,,
3699,64177,224,SM_STATISTICS_UNIT0,,SDRAM,,544,EMIF 0:Wr:ISS,ThroughPut per Sampleing Period(bytes/Sample Window(4095 cycles)),Value,,,733.451429,,,,0,,,
,64177,224,SM_STATISTICS_UNIT0,,SDRAM,,640,EMIF 1:Wr:ISS,ThroughPut per Sampleing Period(bytes/Sample Window(4095 cycles)),Value,,,733.451429,,,,0,,,
1887,67876,224,SM_STATISTICS_UNIT0,,SDRAM,,656,EMIF 0:Wr:ISS,ThroughPut per Sampleing Period(bytes/Sample Window(4095 cycles)),Value,,,775.725714,,,,0,,,
,67876,224,SM_STATISTICS_UNIT0,,SDRAM,,640,EMIF 1:Wr:ISS,ThroughPut per Sampleing Period(bytes/Sample Window(4095 cycles)),Value,,,775.725714,,,,0,,,
1884,69763,224,SM_STATISTICS_UNIT0,,SDRAM,,768,EMIF 0:Wr:ISS,ThroughPut per Sampleing Period(bytes/Sample Window(4095 cycles)),Value,,,797.291429,,,,0,,,
,69763,224,SM_STATISTICS_UNIT0,,SDRAM,,640,EMIF 1:Wr:ISS,ThroughPut per Sampleing Period(bytes/Sample Window(4095 cycles)),Value,,,797.291429,,,,0,,,
1886,71647,224,SM_STATISTICS_UNIT0,,SDRAM,,656,EMIF 0:Wr:ISS,ThroughPut per Sampleing Period(bytes/Sample Window(4095 cycles)),Value,,,818.822857,,,,0,,,
,71647,224,SM_STATISTICS_UNIT0,,SDRAM,,640,EMIF 1:Wr:ISS,ThroughPut per Sampleing Period(bytes/Sample Window(4095 cycles)),Value,,,818.822857,,,,0,,,
1886,73533,224,SM_STATISTICS_UNIT0,,SDRAM,,640,EMIF 0:Wr:ISS,ThroughPut per Sampleing Period(bytes/Sample Window(4095 cycles)),Value,,,840.377143,,,,0,,,
,73533,224,SM_STATISTICS_UNIT0,,SDRAM,,656,EMIF 1:Wr:ISS,ThroughPut per Sampleing Period(bytes/Sample Window(4095 cycles)),Value,,,840.377143,,,,0,,,
71,75419,224,SM_STATISTICS_UNIT0,,SDRAM,,640,EMIF 0:Wr:ISS,ThroughPut per Sampleing Period(bytes/Sample Window(4095 cycles)),Value,,,861.931429,,,,0,,,
,75419,224,SM_STATISTICS_UNIT0,,SDRAM,,640,EMIF 1:Wr:ISS,ThroughPut per Sampleing Period(bytes/Sample Window(4095 cycles)),Value,,,861.931429,,,,0,,,
3699,75490,224,SM_STATISTICS_UNIT0,,SDRAM,,640,EMIF 0:Wr:ISS,ThroughPut per Sampleing Period(bytes/Sample Window(4095 cycles)),Value,,,862.742857,,,,0,,,
,75490,224,SM_STATISTICS_UNIT0,,SDRAM,,656,EMIF 1:Wr:ISS,ThroughPut per Sampleing Period(bytes/Sample Window(4095 cycles)),Value,,,862.742857,,,,0,,,
74,79189,224,SM_STATISTICS_UNIT0,,SDRAM,,640,EMIF 0:Wr:ISS,ThroughPut per Sampleing Period(bytes/Sample Window(4095 cycles)),Value,,,905.017143,,,,0,,,
,79189,224,SM_STATISTICS_UNIT0,,SDRAM,,656,EMIF 1:Wr:ISS,ThroughPut per Sampleing Period(bytes/Sample Window(4095 cycles)),Value,,,905.017143,,,,0,,,
3696,79263,224,SM_STATISTICS_UNIT0,,SDRAM,,640,EMIF 0:Wr:ISS,ThroughPut per Sampleing Period(bytes/Sample Window(4095 cycles)),Value,,,905.862857,,,,0,,,
,79263,224,SM_STATISTICS_UNIT0,,SDRAM,,768,EMIF 1:Wr:ISS,ThroughPut per Sampleing Period(bytes/Sample Window(4095 cycles)),Value,,,905.862857,,,,0,,,
1887,82959,224,SM_STATISTICS_UNIT0,,SDRAM,,640,EMIF 0:Wr:ISS,ThroughPut per Sampleing Period(bytes/Sample Window(4095 cycles)),Value,,,948.102857,,,,0,,,
,82959,224,SM_STATISTICS_UNIT0,,SDRAM,,528,EMIF 1:Wr:ISS,ThroughPut per Sampleing Period(bytes/Sample Window(4095 cycles)),Value,,,948.102857,,,,0,,,
71,84846,224,SM_STATISTICS_UNIT0,,SDRAM,,656,EMIF 0:Wr:ISS,ThroughPut per Sampleing Period(bytes/Sample Window(4095 cycles)),Value,,,969.668571,,,,0,,,
,84846,224,SM_STATISTICS_UNIT0,,SDRAM,,640,EMIF 1:Wr:ISS,ThroughPut per Sampleing Period(bytes/Sample Window(4095 cycles)),Value,,,969.668571,,,,0,,,
3699,84917,224,SM_STATISTICS_UNIT0,,SDRAM,,640,EMIF 0:Wr:ISS,ThroughPut per Sampleing Period(bytes/Sample Window(4095 cycles)),Value,,,970.480000,,,,0,,,
,84917,224,SM_STATISTICS_UNIT0,,SDRAM,,768,EMIF 1:Wr:ISS,ThroughPut per Sampleing Period(bytes/Sample Window(4095 cycles)),Value,,,970.480000,,,,0,,,
74,88616,224,SM_STATISTICS_UNIT0,,SDRAM,,656,EMIF 0:Wr:ISS,ThroughPut per Sampleing Period(bytes/Sample Window(4095 cycles)),Value,,,1012.754286,,,,0,,,
,88616,224,SM_STATISTICS_UNIT0,,SDRAM,,640,EMIF 1:Wr:ISS,ThroughPut per Sampleing Period(bytes/Sample Window(4095 cycles)),Value,,,1012.754286,,,,0,,,
3697,88690,224,SM_STATISTICS_UNIT0,,SDRAM,,720,EMIF 0:Wr:ISS,ThroughPut per Sampleing Period(bytes/Sample Window(4095 cycles)),Value,,,1013.600000,,,,0,,,
,88690,224,SM_STATISTICS_UNIT0,,SDRAM,,640,EMIF 1:Wr:ISS,ThroughPut per Sampleing Period(bytes/Sample Window(4095 cycles)),Value,,,1013.600000,,,,0,,,
74,92387,224,SM_STATISTICS_UNIT0,,SDRAM,,576,EMIF 0:Wr:ISS,ThroughPut per Sampleing Period(bytes/Sample Window(4095 cycles)),Value,,,1055.851429,,,,0,,,
,92387,224,SM_STATISTICS_UNIT0,,SDRAM,,640,EMIF 1:Wr:ISS,ThroughPut per Sampleing Period(bytes/Sample Window(4095 cycles)),Value,,,1055.851429,,,,0,,,
3696,92461,224,SM_STATISTICS_UNIT0,,SDRAM,,656,EMIF 0:Wr:ISS,ThroughPut per Sampleing Period(bytes/Sample Window(4095 cycles)),Value,,,1056.697143,,,,0,,,
,92461,224,SM_STATISTICS_UNIT0,,SDRAM,,640,EMIF 1:Wr:ISS,ThroughPut per Sampleing Period(bytes/Sample Window(4095 cycles)),Value,,,1056.697143,,,,0,,,
1887,96157,224,SM_STATISTICS_UNIT0,,SDRAM,,768,EMIF 0:Wr:ISS,ThroughPut per Sampleing Period(bytes/Sample Window(4095 cycles)),Value,,,1098.937143,,,,0,,,
,96157,224,SM_STATISTICS_UNIT0,,SDRAM,,640,EMIF 1:Wr:ISS,ThroughPut per Sampleing Period(bytes/Sample Window(4095 cycles)),Value,,,1098.937143,,,,0,,,
70,98044,224,SM_STATISTICS_UNIT0,,SDRAM,,640,EMIF 0:Wr:ISS,ThroughPut per Sampleing Period(bytes/Sample Window(4095 cycles)),Value,,,1120.502857,,,,0,,,
,98044,224,SM_STATISTICS_UNIT0,,SDRAM,,656,EMIF 1:Wr:ISS,ThroughPut per Sampleing Period(bytes/Sample Window(4095 cycles)),Value,,,1120.502857,,,,0,,,
3700,98114,224,SM_STATISTICS_UNIT0,,SDRAM,,640,EMIF 0:Wr:ISS,ThroughPut per Sampleing Period(bytes/Sample Window(4095 cycles)),Value,,,1121.302857,,,,0,,,
,98114,224,SM_STATISTICS_UNIT0,,SDRAM,,656,EMIF 1:Wr:ISS,ThroughPut per Sampleing Period(bytes/Sample Window(4095 cycles)),Value,,,1121.302857,,,,0,,,
1884,101814,224,SM_STATISTICS_UNIT0,,SDRAM,,640,EMIF 0:Wr:ISS,ThroughPut per Sampleing Period(bytes/Sample Window(4095 cycles)),Value,,,1163.588571,,,,0,,,
,101814,224,SM_STATISTICS_UNIT0,,SDRAM,,640,EMIF 1:Wr:ISS,ThroughPut per Sampleing Period(bytes/Sample Window(4095 cycles)),Value,,,1163.588571,,,,0,,,
1888,103698,224,SM_STATISTICS_UNIT0,,SDRAM,,640,EMIF 0:Wr:ISS,ThroughPut per Sampleing Period(bytes/Sample Window(4095 cycles)),Value,,,1185.120000,,,,0,,,
,103698,224,SM_STATISTICS_UNIT0,,SDRAM,,656,EMIF 1:Wr:ISS,ThroughPut per Sampleing Period(bytes/Sample Window(4095 cycles)),Value,,,1185.120000,,,,0,,,
1883,105586,224,SM_STATISTICS_UNIT0,,SDRAM,,640,EMIF 0:Wr:ISS,ThroughPut per Sampleing Period(bytes/Sample Window(4095 cycles)),Value,,,1206.697143,,,,0,,,
,105586,224,SM_STATISTICS_UNIT0,,SDRAM,,656,EMIF 1:Wr:ISS,ThroughPut per Sampleing Period(bytes/Sample Window(4095 cycles)),Value,,,1206.697143,,,,0,,,
1887,107469,224,SM_STATISTICS_UNIT0,,SDRAM,,640,EMIF 0:Wr:ISS,ThroughPut per Sampleing Period(bytes/Sample Window(4095 cycles)),Value,,,1228.217143,,,,0,,,
,107469,224,SM_STATISTICS_UNIT0,,SDRAM,,640,EMIF 1:Wr:ISS,ThroughPut per Sampleing Period(bytes/Sample Window(4095 cycles)),Value,,,1228.217143,,,,0,,,
1884,109356,224,SM_STATISTICS_UNIT0,,SDRAM,,656,EMIF 0:Wr:ISS,ThroughPut per Sampleing Period(bytes/Sample Window(4095 cycles)),Value,,,1249.782857,,,,0,,,
,109356,224,SM_STATISTICS_UNIT0,,SDRAM,,640,EMIF 1:Wr:ISS,ThroughPut per Sampleing Period(bytes/Sample Window(4095 cycles)),Value,,,1249.782857,,,,0,,,
1887,111240,224,SM_STATISTICS_UNIT0,,SDRAM,,624,EMIF 0:Wr:ISS,ThroughPut per Sampleing Period(bytes/Sample Window(4095 cycles)),Value,,,1271.314286,,,,0,,,
,111240,224,SM_STATISTICS_UNIT0,,SDRAM,,640,EMIF 1:Wr:ISS,ThroughPut per Sampleing Period(bytes/Sample Window(4095 cycles)),Value,,,1271.314286,,,,0,,,
1883,113127,224,SM_STATISTICS_UNIT0,,SDRAM,,672,EMIF 0:Wr:ISS,ThroughPut per Sampleing Period(bytes/Sample Window(4095 cycles)),Value,,,1292.880000,,,,0,,,
,113127,224,SM_STATISTICS_UNIT0,,SDRAM,,768,EMIF 1:Wr:ISS,ThroughPut per Sampleing Period(bytes/Sample Window(4095 cycles)),Value,,,1292.880000,,,,0,,,
1887,115010,224,SM_STATISTICS_UNIT0,,SDRAM,,656,EMIF 0:Wr:ISS,ThroughPut per Sampleing Period(bytes/Sample Window(4095 cycles)),Value,,,1314.400000,,,,0,,,
,115010,224,SM_STATISTICS_UNIT0,,SDRAM,,640,EMIF 1:Wr:ISS,ThroughPut per Sampleing Period(bytes/Sample Window(4095 cycles)),Value,,,1314.400000,,,,0,,,
75,116897,224,SM_STATISTICS_UNIT0,,SDRAM,,688,EMIF 0:Wr:ISS,ThroughPut per Sampleing Period(bytes/Sample Window(4095 cycles)),Value,,,1335.965714,,,,0,,,
,116897,224,SM_STATISTICS_UNIT0,,SDRAM,,640,EMIF 1:Wr:ISS,ThroughPut per Sampleing Period(bytes/Sample Window(4095 cycles)),Value,,,1335.965714,,,,0,,,
3696,116972,224,SM_STATISTICS_UNIT0,,SDRAM,,608,EMIF 0:Wr:ISS,ThroughPut per Sampleing Period(bytes/Sample Window(4095 cycles)),Value,,,1336.822857,,,,0,,,
,116972,224,SM_STATISTICS_UNIT0,,SDRAM,,640,EMIF 1:Wr:ISS,ThroughPut per Sampleing Period(bytes/Sample Window(4095 cycles)),Value,,,1336.822857,,,,0,,,
74,120668,224,SM_STATISTICS_UNIT0,,SDRAM,,640,EMIF 0:Wr:ISS,ThroughPut per Sampleing Period(bytes/Sample Window(4095 cycles)),Value,,,1379.062857,,,,0,,,
,120668,224,SM_STATISTICS_UNIT0,,SDRAM,,656,EMIF 1:Wr:ISS,ThroughPut per Sampleing Period(bytes/Sample Window(4095 cycles)),Value,,,1379.062857,,,,0,,,
3695,120742,224,SM_STATISTICS_UNIT0,,SDRAM,,768,EMIF 0:Wr:ISS,ThroughPut per Sampleing Period(bytes/Sample Window(4095 cycles)),Value,,,1379.908571,,,,0,,,
,120742,224,SM_STATISTICS_UNIT0,,SDRAM,,640,EMIF 1:Wr:ISS,ThroughPut per Sampleing Period(bytes/Sample Window(4095 cycles)),Value,,,1379.908571,,,,0,,,
1887,124437,224,SM_STATISTICS_UNIT0,,SDRAM,,640,EMIF 0:Wr:ISS,ThroughPut per Sampleing Period(bytes/Sample Window(4095 cycles)),Value,,,1422.137143,,,,0,,,
,124437,224,SM_STATISTICS_UNIT0,,SDRAM,,656,EMIF 1:Wr:ISS,ThroughPut per Sampleing Period(bytes/Sample Window(4095 cycles)),Value,,,1422.137143,,,,0,,,
75,126324,224,SM_STATISTICS_UNIT0,,SDRAM,,512,EMIF 0:Wr:ISS,ThroughPut per Sampleing Period(bytes/Sample Window(4095 cycles)),Value,,,1443.702857,,,,0,,,
,126324,224,SM_STATISTICS_UNIT0,,SDRAM,,656,EMIF 1:Wr:ISS,ThroughPut per Sampleing Period(bytes/Sample Window(4095 cycles)),Value,,,1443.702857,,,,0,,,
3695,126399,224,SM_STATISTICS_UNIT0,,SDRAM,,768,EMIF 0:Wr:ISS,ThroughPut per Sampleing Period(bytes/Sample Window(4095 cycles)),Value,,,1444.560000,,,,0,,,
,126399,224,SM_STATISTICS_UNIT0,,SDRAM,,640,EMIF 1:Wr:ISS,ThroughPut per Sampleing Period(bytes/Sample Window(4095 cycles)),Value,,,1444.560000,,,,0,,,
1885,130094,224,SM_STATISTICS_UNIT0,,SDRAM,,640,EMIF 0:Wr:ISS,ThroughPut per Sampleing Period(bytes/Sample Window(4095 cycles)),Value,,,1486.788571,,,,0,,,
,130094,224,SM_STATISTICS_UNIT0,,SDRAM,,656,EMIF 1:Wr:ISS,ThroughPut per Sampleing Period(bytes/Sample Window(4095 cycles)),Value,,,1486.788571,,,,0,,,
1885,131979,224,SM_STATISTICS_UNIT0,,SDRAM,,656,EMIF 0:Wr:ISS,ThroughPut per Sampleing Period(bytes/Sample Window(4095 cycles)),Value,,,1508.331429,,,,0,,,
,131979,224,SM_STATISTICS_UNIT0,,SDRAM,,640,EMIF 1:Wr:ISS,ThroughPut per Sampleing Period(bytes/Sample Window(4095 cycles)),Value,,,1508.331429,,,,0,,,
75,133864,224,SM_STATISTICS_UNIT0,,SDRAM,,640,EMIF 0:Wr:ISS,ThroughPut per Sampleing Period(bytes/Sample Window(4095 cycles)),Value,,,1529.874286,,,,0,,,
,133864,224,SM_STATISTICS_UNIT0,,SDRAM,,640,EMIF 1:Wr:ISS,ThroughPut per Sampleing Period(bytes/Sample Window(4095 cycles)),Value,,,1529.874286,,,,0,,,
3698,133939,224,SM_STATISTICS_UNIT0,,SDRAM,,656,EMIF 0:Wr:ISS,ThroughPut per Sampleing Period(bytes/Sample Window(4095 cycles)),Value,,,1530.731429,,,,0,,,
,133939,224,SM_STATISTICS_UNIT0,,SDRAM,,640,EMIF 1:Wr:ISS,ThroughPut per Sampleing Period(bytes/Sample Window(4095 cycles)),Value,,,1530.731429,,,,0,,,
1884,137637,224,SM_STATISTICS_UNIT0,,SDRAM,,656,EMIF 0:Wr:ISS,ThroughPut per Sampleing Period(bytes/Sample Window(4095 cycles)),Value,,,1572.994286,,,,0,,,
,137637,224,SM_STATISTICS_UNIT0,,SDRAM,,640,EMIF 1:Wr:ISS,ThroughPut per Sampleing Period(bytes/Sample Window(4095 cycles)),Value,,,1572.994286,,,,0,,,
1885,139521,224,SM_STATISTICS_UNIT0,,SDRAM,,640,EMIF 0:Wr:ISS,ThroughPut per Sampleing Period(bytes/Sample Window(4095 cycles)),Value,,,1594.525714,,,,0,,,
,139521,224,SM_STATISTICS_UNIT0,,SDRAM,,768,EMIF 1:Wr:ISS,ThroughPut per Sampleing Period(bytes/Sample Window(4095 cycles)),Value,,,1594.525714,,,,0,,,
74,141406,224,SM_STATISTICS_UNIT0,,SDRAM,,656,EMIF 0:Wr:ISS,ThroughPut per Sampleing Period(bytes/Sample Window(4095 cycles)),Value,,,1616.068571,,,,0,,,
,141406,224,SM_STATISTICS_UNIT0,,SDRAM,,640,EMIF 1:Wr:ISS,ThroughPut per Sampleing Period(bytes/Sample Window(4095 cycles)),Value,,,1616.068571,,,,0,,,
3699,141480,224,SM_STATISTICS_UNIT0,,SDRAM,,640,EMIF 0:Wr:ISS,ThroughPut per Sampleing Period(bytes/Sample Window(4095 cycles)),Value,,,1616.914286,,,,0,,,
,141480,224,SM_STATISTICS_UNIT0,,SDRAM,,656,EMIF 1:Wr:ISS,ThroughPut per Sampleing Period(bytes/Sample Window(4095 cycles)),Value,,,1616.914286,,,,0,,,
1883,145179,224,SM_STATISTICS_UNIT0,,SDRAM,,640,EMIF 0:Wr:ISS,ThroughPut per Sampleing Period(bytes/Sample Window(4095 cycles)),Value,,,1659.188571,,,,0,,,
,145179,224,SM_STATISTICS_UNIT0,,SDRAM,,640,EMIF 1:Wr:ISS,ThroughPut per Sampleing Period(bytes/Sample Window(4095 cycles)),Value,,,1659.188571,,,,0,,,
1887,147062,224,SM_STATISTICS_UNIT0,,SDRAM,,640,EMIF 0:Wr:ISS,ThroughPut per Sampleing Period(bytes/Sample Window(4095 cycles)),Value,,,1680.708571,,,,0,,,
,147062,224,SM_STATISTICS_UNIT0,,SDRAM,,656,EMIF 1:Wr:ISS,ThroughPut per Sampleing Period(bytes/Sample Window(4095 cycles)),Value,,,1680.708571,,,,0,,,
1884,148949,224,SM_STATISTICS_UNIT0,,SDRAM,,768,EMIF 0:Wr:ISS,ThroughPut per Sampleing Period(bytes/Sample Window(4095 cycles)),Value,,,1702.274286,,,,0,,,
,148949,224,SM_STATISTICS_UNIT0,,SDRAM,,640,EMIF 1:Wr:ISS,ThroughPut per Sampleing Period(bytes/Sample Window(4095 cycles)),Value,,,1702.274286,,,,0,,,
74,150833,224,SM_STATISTICS_UNIT0,,SDRAM,,512,EMIF 0:Wr:ISS,ThroughPut per Sampleing Period(bytes/Sample Window(4095 cycles)),Value,,,1723.805714,,,,0,,,
,150833,224,SM_STATISTICS_UNIT0,,SDRAM,,656,EMIF 1:Wr:ISS,ThroughPut per Sampleing Period(bytes/Sample Window(4095 cycles)),Value,,,1723.805714,,,,0,,,
3697,150907,224,SM_STATISTICS_UNIT0,,SDRAM,,640,EMIF 0:Wr:ISS,ThroughPut per Sampleing Period(bytes/Sample Window(4095 cycles)),Value,,,1724.651429,,,,0,,,
,150907,224,SM_STATISTICS_UNIT0,,SDRAM,,656,EMIF 1:Wr:ISS,ThroughPut per Sampleing Period(bytes/Sample Window(4095 cycles)),Value,,,1724.651429,,,,0,,,
1887,154604,224,SM_STATISTICS_UNIT0,,SDRAM,,768,EMIF 0:Wr:ISS,ThroughPut per Sampleing Period(bytes/Sample Window(4095 cycles)),Value,,,1766.902857,,,,0,,,
,154604,224,SM_STATISTICS_UNIT0,,SDRAM,,640,EMIF 1:Wr:ISS,ThroughPut per Sampleing Period(bytes/Sample Window(4095 cycles)),Value,,,1766.902857,,,,0,,,
1884,156491,224,SM_STATISTICS_UNIT0,,SDRAM,,656,EMIF 0:Wr:ISS,ThroughPut per Sampleing Period(bytes/Sample Window(4095 cycles)),Value,,,1788.468571,,,,0,,,
,156491,224,SM_STATISTICS_UNIT0,,SDRAM,,640,EMIF 1:Wr:ISS,ThroughPut per Sampleing Period(bytes/Sample Window(4095 cycles)),Value,,,1788.468571,,,,0,,,
74,158375,224,SM_STATISTICS_UNIT0,,SDRAM,,656,EMIF 0:Wr:ISS,ThroughPut per Sampleing Period(bytes/Sample Window(4095 cycles)),Value,,,1810.000000,,,,0,,,
,158375,224,SM_STATISTICS_UNIT0,,SDRAM,,640,EMIF 1:Wr:ISS,ThroughPut per Sampleing Period(bytes/Sample Window(4095 cycles)),Value,,,1810.000000,,,,0,,,
3697,158449,224,SM_STATISTICS_UNIT0,,SDRAM,,640,EMIF 0:Wr:ISS,ThroughPut per Sampleing Period(bytes/Sample Window(4095 cycles)),Value,,,1810.845714,,,,0,,,
,158449,224,SM_STATISTICS_UNIT0,,SDRAM,,640,EMIF 1:Wr:ISS,ThroughPut per Sampleing Period(bytes/Sample Window(4095 cycles)),Value,,,1810.845714,,,,0,,,
1887,162146,224,SM_STATISTICS_UNIT0,,SDRAM,,656,EMIF 0:Wr:ISS,ThroughPut per Sampleing Period(bytes/Sample Window(4095 cycles)),Value,,,1853.097143,,,,0,,,
,162146,224,SM_STATISTICS_UNIT0,,SDRAM,,640,EMIF 1:Wr:ISS,ThroughPut per Sampleing Period(bytes/Sample Window(4095 cycles)),Value,,,1853.097143,,,,0,,,
1883,164033,224,SM_STATISTICS_UNIT0,,SDRAM,,656,EMIF 0:Wr:ISS,ThroughPut per Sampleing Period(bytes/Sample Window(4095 cycles)),Value,,,1874.662857,,,,0,,,
,164033,224,SM_STATISTICS_UNIT0,,SDRAM,,640,EMIF 1:Wr:ISS,ThroughPut per Sampleing Period(bytes/Sample Window(4095 cycles)),Value,,,1874.662857,,,,0,,,
1887,165916,224,SM_STATISTICS_UNIT0,,SDRAM,,640,EMIF 0:Wr:ISS,ThroughPut per Sampleing Period(bytes/Sample Window(4095 cycles)),Value,,,1896.182857,,,,0,,,
,165916,224,SM_STATISTICS_UNIT0,,SDRAM,,768,EMIF 1:Wr:ISS,ThroughPut per Sampleing Period(bytes/Sample Window(4095 cycles)),Value,,,1896.182857,,,,0,,,
1884,167803,224,SM_STATISTICS_UNIT0,,SDRAM,,640,EMIF 0:Wr:ISS,ThroughPut per Sampleing Period(bytes/Sample Window(4095 cycles)),Value,,,1917.748571,,,,0,,,
,167803,224,SM_STATISTICS_UNIT0,,SDRAM,,656,EMIF 1:Wr:ISS,ThroughPut per Sampleing Period(bytes/Sample Window(4095 cycles)),Value,,,1917.748571,,,,0,,,
1887,169687,224,SM_STATISTICS_UNIT0,,SDRAM,,640,EMIF 0:Wr:ISS,ThroughPut per Sampleing Period(bytes/Sample Window(4095 cycles)),Value,,,1939.280000,,,,0,,,
,169687,224,SM_STATISTICS_UNIT0,,SDRAM,,624,EMIF 1:Wr:ISS,ThroughPut per Sampleing Period(bytes/Sample Window(4095 cycles)),Value,,,1939.280000,,,,0,,,
1884,171574,224,SM_STATISTICS_UNIT0,,SDRAM,,640,EMIF 0:Wr:ISS,ThroughPut per Sampleing Period(bytes/Sample Window(4095 cycles)),Value,,,1960.845714,,,,0,,,
,171574,224,SM_STATISTICS_UNIT0,,SDRAM,,672,EMIF 1:Wr:ISS,ThroughPut per Sampleing Period(bytes/Sample Window(4095 cycles)),Value,,,1960.845714,,,,0,,,
74,173458,224,SM_STATISTICS_UNIT0,,SDRAM,,640,EMIF 0:Wr:ISS,ThroughPut per Sampleing Period(bytes/Sample Window(4095 cycles)),Value,,,1982.377143,,,,0,,,
,173458,224,SM_STATISTICS_UNIT0,,SDRAM,,656,EMIF 1:Wr:ISS,ThroughPut per Sampleing Period(bytes/Sample Window(4095 cycles)),Value,,,1982.377143,,,,0,,,
3698,173532,224,SM_STATISTICS_UNIT0,,SDRAM,,640,EMIF 0:Wr:ISS,ThroughPut per Sampleing Period(bytes/Sample Window(4095 cycles)),Value,,,1983.222857,,,,0,,,
,173532,224,SM_STATISTICS_UNIT0,,SDRAM,,640,EMIF 1:Wr:ISS,ThroughPut per Sampleing Period(bytes/Sample Window(4095 cycles)),Value,,,1983.222857,,,,0,,,
1883,177230,224,SM_STATISTICS_UNIT0,,SDRAM,,640,EMIF 0:Wr:ISS,ThroughPut per Sampleing Period(bytes/Sample Window(4095 cycles)),Value,,,2025.485714,,,,0,,,
,177230,224,SM_STATISTICS_UNIT0,,SDRAM,,656,EMIF 1:Wr:ISS,ThroughPut per Sampleing Period(bytes/Sample Window(4095 cycles)),Value,,,2025.485714,,,,0,,,
1888,179113,224,SM_STATISTICS_UNIT0,,SDRAM,,656,EMIF 0:Wr:ISS,ThroughPut per Sampleing Period(bytes/Sample Window(4095 cycles)),Value,,,2047.005714,,,,0,,,
,179113,224,SM_STATISTICS_UNIT0,,SDRAM,,640,EMIF 1:Wr:ISS,ThroughPut per Sampleing Period(bytes/Sample Window(4095 cycles)),Value,,,2047.005714,,,,0,,,
1883,181001,224,SM_STATISTICS_UNIT0,,SDRAM,,768,EMIF 0:Wr:ISS,ThroughPut per Sampleing Period(bytes/Sample Window(4095 cycles)),Value,,,2068.582857,,,,0,,,
,181001,224,SM_STATISTICS_UNIT0,,SDRAM,,640,EMIF 1:Wr:ISS,ThroughPut per Sampleing Period(bytes/Sample Window(4095 cycles)),Value,,,2068.582857,,,,0,,,
1887,182884,224,SM_STATISTICS_UNIT0,,SDRAM,,656,EMIF 0:Wr:ISS,ThroughPut per Sampleing Period(bytes/Sample Window(4095 cycles)),Value,,,2090.102857,,,,0,,,
,182884,224,SM_STATISTICS_UNIT0,,SDRAM,,640,EMIF 1:Wr:ISS,ThroughPut per Sampleing Period(bytes/Sample Window(4095 cycles)),Value,,,2090.102857,,,,0,,,
75,184771,224,SM_STATISTICS_UNIT0,,SDRAM,,656,EMIF 0:Wr:ISS,ThroughPut per Sampleing Period(bytes/Sample Window(4095 cycles)),Value,,,2111.668571,,,,0,,,
,184771,224,SM_STATISTICS_UNIT0,,SDRAM,,640,EMIF 1:Wr:ISS,ThroughPut per Sampleing Period(bytes/Sample Window(4095 cycles)),Value,,,2111.668571,,,,0,,,
3695,184846,224,SM_STATISTICS_UNIT0,,SDRAM,,640,EMIF 0:Wr:ISS,ThroughPut per Sampleing Period(bytes/Sample Window(4095 cycles)),Value,,,2112.525714,,,,0,,,
,184846,224,SM_STATISTICS_UNIT0,,SDRAM,,640,EMIF 1:Wr:ISS,ThroughPut per Sampleing Period(bytes/Sample Window(4095 cycles)),Value,,,2112.525714,,,,0,,,
75,188541,224,SM_STATISTICS_UNIT0,,SDRAM,,656,EMIF 0:Wr:ISS,ThroughPut per Sampleing Period(bytes/Sample Window(4095 cycles)),Value,,,2154.754286,,,,0,,,
,188541,224,SM_STATISTICS_UNIT0,,SDRAM,,640,EMIF 1:Wr:ISS,ThroughPut per Sampleing Period(bytes/Sample Window(4095 cycles)),Value,,,2154.754286,,,,0,,,
3697,188616,224,SM_STATISTICS_UNIT0,,SDRAM,,640,EMIF 0:Wr:ISS,ThroughPut per Sampleing Period(bytes/Sample Window(4095 cycles)),Value,,,2155.611429,,,,0,,,
,188616,224,SM_STATISTICS_UNIT0,,SDRAM,,656,EMIF 1:Wr:ISS,ThroughPut per Sampleing Period(bytes/Sample Window(4095 cycles)),Value,,,2155.611429,,,,0,,,
1884,192313,224,SM_STATISTICS_UNIT0,,SDRAM,,640,EMIF 0:Wr:ISS,ThroughPut per Sampleing Period(bytes/Sample Window(4095 cycles)),Value,,,2197.862857,,,,0,,,
,192313,224,SM_STATISTICS_UNIT0,,SDRAM,,768,EMIF 1:Wr:ISS,ThroughPut per Sampleing Period(bytes/Sample Window(4095 cycles)),Value,,,2197.862857,,,,0,,,
1887,194197,224,SM_STATISTICS_UNIT0,,SDRAM,,640,EMIF 0:Wr:ISS,ThroughPut per Sampleing Period(bytes/Sample Window(4095 cycles)),Value,,,2219.394286,,,,0,,,
,194197,224,SM_STATISTICS_UNIT0,,SDRAM,,528,EMIF 1:Wr:ISS,ThroughPut per Sampleing Period(bytes/Sample Window(4095 cycles)),Value,,,2219.394286,,,,0,,,
1883,196084,224,SM_STATISTICS_UNIT0,,SDRAM,,640,EMIF 0:Wr:ISS,ThroughPut per Sampleing Period(bytes/Sample Window(4095 cycles)),Value,,,2240.960000,,,,0,,,
,196084,224,SM_STATISTICS_UNIT0,,SDRAM,,720,EMIF 1:Wr:ISS,ThroughPut per Sampleing Period(bytes/Sample Window(4095 cycles)),Value,,,2240.960000,,,,0,,,
1887,197967,224,SM_STATISTICS_UNIT0,,SDRAM,,640,EMIF 0:Wr:ISS,ThroughPut per Sampleing Period(bytes/Sample Window(4095 cycles)),Value,,,2262.480000,,,,0,,,
,197967,224,SM_STATISTICS_UNIT0,,SDRAM,,704,EMIF 1:Wr:ISS,ThroughPut per Sampleing Period(bytes/Sample Window(4095 cycles)),Value,,,2262.480000,,,,0,,,
1884,199854,224,SM_STATISTICS_UNIT0,,SDRAM,,640,EMIF 0:Wr:ISS,ThroughPut per Sampleing Period(bytes/Sample Window(4095 cycles)),Value,,,2284.045714,,,,0,,,
,199854,224,SM_STATISTICS_UNIT0,,SDRAM,,656,EMIF 1:Wr:ISS,ThroughPut per Sampleing Period(bytes/Sample Window(4095 cycles)),Value,,,2284.045714,,,,0,,,
1887,201738,224,SM_STATISTICS_UNIT0,,SDRAM,,640,EMIF 0:Wr:ISS,ThroughPut per Sampleing Period(bytes/Sample Window(4095 cycles)),Value,,,2305.577143,,,,0,,,
,201738,224,SM_STATISTICS_UNIT0,,SDRAM,,640,EMIF 1:Wr:ISS,ThroughPut per Sampleing Period(bytes/Sample Window(4095 cycles)),Value,,,2305.577143,,,,0,,,
74,203625,224,SM_STATISTICS_UNIT0,,SDRAM,,656,EMIF 0:Wr:ISS,ThroughPut per Sampleing Period(bytes/Sample Window(4095 cycles)),Value,,,2327.142857,,,,0,,,
,203625,224,SM_STATISTICS_UNIT0,,SDRAM,,640,EMIF 1:Wr:ISS,ThroughPut per Sampleing Period(bytes/Sample Window(4095 cycles)),Value,,,2327.142857,,,,0,,,
3696,203699,224,SM_STATISTICS_UNIT0,,SDRAM,,656,EMIF 0:Wr:ISS,ThroughPut per Sampleing Period(bytes/Sample Window(4095 cycles)),Value,,,2327.988571,,,,0,,,
,203699,224,SM_STATISTICS_UNIT0,,SDRAM,,640,EMIF 1:Wr:ISS,ThroughPut per Sampleing Period(bytes/Sample Window(4095 cycles)),Value,,,2327.988571,,,,0,,,
75,207395,224,SM_STATISTICS_UNIT0,,SDRAM,,768,EMIF 0:Wr:ISS,ThroughPut per Sampleing Period(bytes/Sample Window(4095 cycles)),Value,,,2370.228571,,,,0,,,
,207395,224,SM_STATISTICS_UNIT0,,SDRAM,,640,EMIF 1:Wr:ISS,ThroughPut per Sampleing Period(bytes/Sample Window(4095 cycles)),Value,,,2370.228571,,,,0,,,
3696,207470,224,SM_STATISTICS_UNIT0,,SDRAM,,656,EMIF 0:Wr:ISS,ThroughPut per Sampleing Period(bytes/Sample Window(4095 cycles)),Value,,,2371.085714,,,,0,,,
,207470,224,SM_STATISTICS_UNIT0,,SDRAM,,640,EMIF 1:Wr:ISS,ThroughPut per Sampleing Period(bytes/Sample Window(4095 cycles)),Value,,,2371.085714,,,,0,,,
75,211166,224,SM_STATISTICS_UNIT0,,SDRAM,,528,EMIF 0:Wr:ISS,ThroughPut per Sampleing Period(bytes/Sample Window(4095 cycles)),Value,,,2413.325714,,,,0,,,
,211166,224,SM_STATISTICS_UNIT0,,SDRAM,,640,EMIF 1:Wr:ISS,ThroughPut per Sampleing Period(bytes/Sample Window(4095 cycles)),Value,,,2413.325714,,,,0,,,
1883,211241,224,SM_STATISTICS_UNIT0,,SDRAM,,640,EMIF 0:Wr:ISS,ThroughPut per Sampleing Period(bytes/Sample Window(4095 cycles)),Value,,,2414.182857,,,,0,,,
,211241,224,SM_STATISTICS_UNIT0,,SDRAM,,640,EMIF 1:Wr:ISS,ThroughPut per Sampleing Period(bytes/Sample Window(4095 cycles)),Value,,,2414.182857,,,,0,,,
3698,213124,224,SM_STATISTICS_UNIT0,,SDRAM,,640,EMIF 0:Wr:ISS,ThroughPut per Sampleing Period(bytes/Sample Window(4095 cycles)),Value,,,2435.702857,,,,0,,,
,213124,224,SM_STATISTICS_UNIT0,,SDRAM,,656,EMIF 1:Wr:ISS,ThroughPut per Sampleing Period(bytes/Sample Window(4095 cycles)),Value,,,2435.702857,,,,0,,,
75,216822,224,SM_STATISTICS_UNIT0,,SDRAM,,640,EMIF 0:Wr:ISS,ThroughPut per Sampleing Period(bytes/Sample Window(4095 cycles)),Value,,,2477.965714,,,,0,,,
,216822,224,SM_STATISTICS_UNIT0,,SDRAM,,656,EMIF 1:Wr:ISS,ThroughPut per Sampleing Period(bytes/Sample Window(4095 cycles)),Value,,,2477.965714,,,,0,,,
3696,216897,224,SM_STATISTICS_UNIT0,,SDRAM,,640,EMIF 0:Wr:ISS,ThroughPut per Sampleing Period(bytes/Sample Window(4095 cycles)),Value,,,2478.822857,,,,0,,,
,216897,224,SM_STATISTICS_UNIT0,,SDRAM,,640,EMIF 1:Wr:ISS,ThroughPut per Sampleing Period(bytes/Sample Window(4095 cycles)),Value,,,2478.822857,,,,0,,,
1887,220593,224,SM_STATISTICS_UNIT0,,SDRAM,,640,EMIF 0:Wr:ISS,ThroughPut per Sampleing Period(bytes/Sample Window(4095 cycles)),Value,,,2521.062857,,,,0,,,
,220593,224,SM_STATISTICS_UNIT0,,SDRAM,,656,EMIF 1:Wr:ISS,ThroughPut per Sampleing Period(bytes/Sample Window(4095 cycles)),Value,,,2521.062857,,,,0,,,
1883,222480,224,SM_STATISTICS_UNIT0,,SDRAM,,640,EMIF 0:Wr:ISS,ThroughPut per Sampleing Period(bytes/Sample Window(4095 cycles)),Value,,,2542.628571,,,,0,,,
,222480,224,SM_STATISTICS_UNIT0,,SDRAM,,688,EMIF 1:Wr:ISS,ThroughPut per Sampleing Period(bytes/Sample Window(4095 cycles)),Value,,,2542.628571,,,,0,,,
1887,224363,224,SM_STATISTICS_UNIT0,,SDRAM,,640,EMIF 0:Wr:ISS,ThroughPut per Sampleing Period(bytes/Sample Window(4095 cycles)),Value,,,2564.148571,,,,0,,,
,224363,224,SM_STATISTICS_UNIT0,,SDRAM,,736,EMIF 1:Wr:ISS,ThroughPut per Sampleing Period(bytes/Sample Window(4095 cycles)),Value,,,2564.148571,,,,0,,,
1884,226250,224,SM_STATISTICS_UNIT0,,SDRAM,,656,EMIF 0:Wr:ISS,ThroughPut per Sampleing Period(bytes/Sample Window(4095 cycles)),Value,,,2585.714286,,,,0,,,
,226250,224,SM_STATISTICS_UNIT0,,SDRAM,,640,EMIF 1:Wr:ISS,ThroughPut per Sampleing Period(bytes/Sample Window(4095 cycles)),Value,,,2585.714286,,,,0,,,
1887,228134,224,SM_STATISTICS_UNIT0,,SDRAM,,752,EMIF 0:Wr:ISS,ThroughPut per Sampleing Period(bytes/Sample Window(4095 cycles)),Value,,,2607.245714,,,,0,,,
,228134,224,SM_STATISTICS_UNIT0,,SDRAM,,640,EMIF 1:Wr:ISS,ThroughPut per Sampleing Period(bytes/Sample Window(4095 cycles)),Value,,,2607.245714,,,,0,,,
1883,230021,224,SM_STATISTICS_UNIT0,,SDRAM,,544,EMIF 0:Wr:ISS,ThroughPut per Sampleing Period(bytes/Sample Window(4095 cycles)),Value,,,2628.811429,,,,0,,,
,230021,224,SM_STATISTICS_UNIT0,,SDRAM,,640,EMIF 1:Wr:ISS,ThroughPut per Sampleing Period(bytes/Sample Window(4095 cycles)),Value,,,2628.811429,,,,0,,,
1887,231904,224,SM_STATISTICS_UNIT0,,SDRAM,,656,EMIF 0:Wr:ISS,ThroughPut per Sampleing Period(bytes/Sample Window(4095 cycles)),Value,,,2650.331429,,,,0,,,
,231904,224,SM_STATISTICS_UNIT0,,SDRAM,,640,EMIF 1:Wr:ISS,ThroughPut per Sampleing Period(bytes/Sample Window(4095 cycles)),Value,,,2650.331429,,,,0,,,
1884,233791,224,SM_STATISTICS_UNIT0,,SDRAM,,768,EMIF 0:Wr:ISS,ThroughPut per Sampleing Period(bytes/Sample Window(4095 cycles)),Value,,,2671.897143,,,,0,,,
,233791,224,SM_STATISTICS_UNIT0,,SDRAM,,640,EMIF 1:Wr:ISS,ThroughPut per Sampleing Period(bytes/Sample Window(4095 cycles)),Value,,,2671.897143,,,,0,,,
1887,235675,224,SM_STATISTICS_UNIT0,,SDRAM,,528,EMIF 0:Wr:ISS,ThroughPut per Sampleing Period(bytes/Sample Window(4095 cycles)),Value,,,2693.428571,,,,0,,,
,235675,224,SM_STATISTICS_UNIT0,,SDRAM,,640,EMIF 1:Wr:ISS,ThroughPut per Sampleing Period(bytes/Sample Window(4095 cycles)),Value,,,2693.428571,,,,0,,,
74,237562,224,SM_STATISTICS_UNIT0,,SDRAM,,512,EMIF 0:Wr:ISS,ThroughPut per Sampleing Period(bytes/Sample Window(4095 cycles)),Value,,,2714.994286,,,,0,,,
,237562,224,SM_STATISTICS_UNIT0,,SDRAM,,656,EMIF 1:Wr:ISS,ThroughPut per Sampleing Period(bytes/Sample Window(4095 cycles)),Value,,,2714.994286,,,,0,,,
3696,237636,224,SM_STATISTICS_UNIT0,,SDRAM,,768,EMIF 0:Wr:ISS,ThroughPut per Sampleing Period(bytes/Sample Window(4095 cycles)),Value,,,2715.840000,,,,0,,,
,237636,224,SM_STATISTICS_UNIT0,,SDRAM,,640,EMIF 1:Wr:ISS,ThroughPut per Sampleing Period(bytes/Sample Window(4095 cycles)),Value,,,2715.840000,,,,0,,,
1887,241332,224,SM_STATISTICS_UNIT0,,SDRAM,,640,EMIF 0:Wr:ISS,ThroughPut per Sampleing Period(bytes/Sample Window(4095 cycles)),Value,,,2758.080000,,,,0,,,
,241332,224,SM_STATISTICS_UNIT0,,SDRAM,,656,EMIF 1:Wr:ISS,ThroughPut per Sampleing Period(bytes/Sample Window(4095 cycles)),Value,,,2758.080000,,,,0,,,
70,243219,224,SM_STATISTICS_UNIT0,,SDRAM,,640,EMIF 0:Wr:ISS,ThroughPut per Sampleing Period(bytes/Sample Window(4095 cycles)),Value,,,2779.645714,,,,0,,,
,243219,224,SM_STATISTICS_UNIT0,,SDRAM,,656,EMIF 1:Wr:ISS,ThroughPut per Sampleing Period(bytes/Sample Window(4095 cycles)),Value,,,2779.645714,,,,0,,,
3699,243289,224,SM_STATISTICS_UNIT0,,SDRAM,,640,EMIF 0:Wr:ISS,ThroughPut per Sampleing Period(bytes/Sample Window(4095 cycles)),Value,,,2780.445714,,,,0,,,
,243289,224,SM_STATISTICS_UNIT0,,SDRAM,,640,EMIF 1:Wr:ISS,ThroughPut per Sampleing Period(bytes/Sample Window(4095 cycles)),Value,,,2780.445714,,,,0,,,
74,246988,224,SM_STATISTICS_UNIT0,,SDRAM,,640,EMIF 0:Wr:ISS,ThroughPut per Sampleing Period(bytes/Sample Window(4095 cycles)),Value,,,2822.720000,,,,0,,,
,246988,224,SM_STATISTICS_UNIT0,,SDRAM,,656,EMIF 1:Wr:ISS,ThroughPut per Sampleing Period(bytes/Sample Window(4095 cycles)),Value,,,2822.720000,,,,0,,,
3696,247062,224,SM_STATISTICS_UNIT0,,SDRAM,,656,EMIF 0:Wr:ISS,ThroughPut per Sampleing Period(bytes/Sample Window(4095 cycles)),Value,,,2823.565714,,,,0,,,
,247062,224,SM_STATISTICS_UNIT0,,SDRAM,,640,EMIF 1:Wr:ISS,ThroughPut per Sampleing Period(bytes/Sample Window(4095 cycles)),Value,,,2823.565714,,,,0,,,
1888,250758,224,SM_STATISTICS_UNIT0,,SDRAM,,640,EMIF 0:Wr:ISS,ThroughPut per Sampleing Period(bytes/Sample Window(4095 cycles)),Value,,,2865.805714,,,,0,,,
,250758,224,SM_STATISTICS_UNIT0,,SDRAM,,768,EMIF 1:Wr:ISS,ThroughPut per Sampleing Period(bytes/Sample Window(4095 cycles)),Value,,,2865.805714,,,,0,,,
1885,252646,224,SM_STATISTICS_UNIT0,,SDRAM,,656,EMIF 0:Wr:ISS,ThroughPut per Sampleing Period(bytes/Sample Window(4095 cycles)),Value,,,2887.382857,,,,0,,,
,252646,224,SM_STATISTICS_UNIT0,,SDRAM,,640,EMIF 1:Wr:ISS,ThroughPut per Sampleing Period(bytes/Sample Window(4095 cycles)),Value,,,2887.382857,,,,0,,,
1883,254531,224,SM_STATISTICS_UNIT0,,SDRAM,,720,EMIF 0:Wr:ISS,ThroughPut per Sampleing Period(bytes/Sample Window(4095 cycles)),Value,,,2908.925714,,,,0,,,
,254531,224,SM_STATISTICS_UNIT0,,SDRAM,,640,EMIF 1:Wr:ISS,ThroughPut per Sampleing Period(bytes/Sample Window(4095 cycles)),Value,,,2908.925714,,,,0,,,
1887,256414,224,SM_STATISTICS_UNIT0,,SDRAM,,576,EMIF 0:Wr:ISS,ThroughPut per Sampleing Period(bytes/Sample Window(4095 cycles)),Value,,,2930.445714,,,,0,,,
,256414,224,SM_STATISTICS_UNIT0,,SDRAM,,640,EMIF 1:Wr:ISS,ThroughPut per Sampleing Period(bytes/Sample Window(4095 cycles)),Value,,,2930.445714,,,,0,,,
1884,258301,224,SM_STATISTICS_UNIT0,,SDRAM,,656,EMIF 0:Wr:ISS,ThroughPut per Sampleing Period(bytes/Sample Window(4095 cycles)),Value,,,2952.011429,,,,0,,,
,258301,224,SM_STATISTICS_UNIT0,,SDRAM,,640,EMIF 1:Wr:ISS,ThroughPut per Sampleing Period(bytes/Sample Window(4095 cycles)),Value,,,2952.011429,,,,0,,,
75,260185,224,SM_STATISTICS_UNIT0,,SDRAM,,768,EMIF 0:Wr:ISS,ThroughPut per Sampleing Period(bytes/Sample Window(4095 cycles)),Value,,,2973.542857,,,,0,,,
,260185,224,SM_STATISTICS_UNIT0,,SDRAM,,640,EMIF 1:Wr:ISS,ThroughPut per Sampleing Period(bytes/Sample Window(4095 cycles)),Value,,,2973.542857,,,,0,,,
3697,260260,224,SM_STATISTICS_UNIT0,,SDRAM,,512,EMIF 0:Wr:ISS,ThroughPut per Sampleing Period(bytes/Sample Window(4095 cycles)),Value,,,2974.400000,,,,0,,,
,260260,224,SM_STATISTICS_UNIT0,,SDRAM,,656,EMIF 1:Wr:ISS,ThroughPut per Sampleing Period(bytes/Sample Window(4095 cycles)),Value,,,2974.400000,,,,0,,,
75,263957,224,SM_STATISTICS_UNIT0,,SDRAM,,640,EMIF 0:Wr:ISS,ThroughPut per Sampleing Period(bytes/Sample Window(4095 cycles)),Value,,,3016.651429,,,,0,,,
,263957,224,SM_STATISTICS_UNIT0,,SDRAM,,656,EMIF 1:Wr:ISS,ThroughPut per Sampleing Period(bytes/Sample Window(4095 cycles)),Value,,,3016.651429,,,,0,,,
3696,264032,224,SM_STATISTICS_UNIT0,,SDRAM,,768,EMIF 0:Wr:ISS,ThroughPut per Sampleing Period(bytes/Sample Window(4095 cycles)),Value,,,3017.508571,,,,0,,,
,264032,224,SM_STATISTICS_UNIT0,,SDRAM,,640,EMIF 1:Wr:ISS,ThroughPut per Sampleing Period(bytes/Sample Window(4095 cycles)),Value,,,3017.508571,,,,0,,,
74,267728,224,SM_STATISTICS_UNIT0,,SDRAM,,640,EMIF 0:Wr:ISS,ThroughPut per Sampleing Period(bytes/Sample Window(4095 cycles)),Value,,,3059.748571,,,,0,,,
,267728,224,SM_STATISTICS_UNIT0,,SDRAM,,656,EMIF 1:Wr:ISS,ThroughPut per Sampleing Period(bytes/Sample Window(4095 cycles)),Value,,,3059.748571,,,,0,,,
3696,267802,224,SM_STATISTICS_UNIT0,,SDRAM,,640,EMIF 0:Wr:ISS,ThroughPut per Sampleing Period(bytes/Sample Window(4095 cycles)),Value,,,3060.594286,,,,0,,,
,267802,224,SM_STATISTICS_UNIT0,,SDRAM,,656,EMIF 1:Wr:ISS,ThroughPut per Sampleing Period(bytes/Sample Window(4095 cycles)),Value,,,3060.594286,,,,0,,,
1887,271498,224,SM_STATISTICS_UNIT0,,SDRAM,,640,EMIF 0:Wr:ISS,ThroughPut per Sampleing Period(bytes/Sample Window(4095 cycles)),Value,,,3102.834286,,,,0,,,
,271498,224,SM_STATISTICS_UNIT0,,SDRAM,,640,EMIF 1:Wr:ISS,ThroughPut per Sampleing Period(bytes/Sample Window(4095 cycles)),Value,,,3102.834286,,,,0,,,
1884,273385,224,SM_STATISTICS_UNIT0,,SDRAM,,656,EMIF 0:Wr:ISS,ThroughPut per Sampleing Period(bytes/Sample Window(4095 cycles)),Value,,,3124.400000,,,,0,,,
,273385,224,SM_STATISTICS_UNIT0,,SDRAM,,640,EMIF 1:Wr:ISS,ThroughPut per Sampleing Period(bytes/Sample Window(4095 cycles)),Value,,,3124.400000,,,,0,,,
74,275269,224,SM_STATISTICS_UNIT0,,SDRAM,,624,EMIF 0:Wr:ISS,ThroughPut per Sampleing Period(bytes/Sample Window(4095 cycles)),Value,,,3145.931429,,,,0,,,
,275269,224,SM_STATISTICS_UNIT0,,SDRAM,,640,EMIF 1:Wr:ISS,ThroughPut per Sampleing Period(bytes/Sample Window(4095 cycles)),Value,,,3145.931429,,,,0,,,
3697,275343,224,SM_STATISTICS_UNIT0,,SDRAM,,672,EMIF 0:Wr:ISS,ThroughPut per Sampleing Period(bytes/Sample Window(4095 cycles)),Value,,,3146.777143,,,,0,,,
,275343,224,SM_STATISTICS_UNIT0,,SDRAM,,768,EMIF 1:Wr:ISS,ThroughPut per Sampleing Period(bytes/Sample Window(4095 cycles)),Value,,,3146.777143,,,,0,,,
1887,279040,224,SM_STATISTICS_UNIT0,,SDRAM,,656,EMIF 0:Wr:ISS,ThroughPut per Sampleing Period(bytes/Sample Window(4095 cycles)),Value,,,3189.028571,,,,0,,,
,279040,224,SM_STATISTICS_UNIT0,,SDRAM,,512,EMIF 1:Wr:ISS,ThroughPut per Sampleing Period(bytes/Sample Window(4095 cycles)),Value,,,3189.028571,,,,0,,,
1883,280927,224,SM_STATISTICS_UNIT0,,SDRAM,,688,EMIF 0:Wr:ISS,ThroughPut per Sampleing Period(bytes/Sample Window(4095 cycles)),Value,,,3210.594286,,,,0,,,
,280927,224,SM_STATISTICS_UNIT0,,SDRAM,,768,EMIF 1:Wr:ISS,ThroughPut per Sampleing Period(bytes/Sample Window(4095 cycles)),Value,,,3210.594286,,,,0,,,
1887,282810,224,SM_STATISTICS_UNIT0,,SDRAM,,608,EMIF 0:Wr:ISS,ThroughPut per Sampleing Period(bytes/Sample Window(4095 cycles)),Value,,,3232.114286,,,,0,,,
,282810,224,SM_STATISTICS_UNIT0,,SDRAM,,640,EMIF 1:Wr:ISS,ThroughPut per Sampleing Period(bytes/Sample Window(4095 cycles)),Value,,,3232.114286,,,,0,,,
1884,284697,224,SM_STATISTICS_UNIT0,,SDRAM,,640,EMIF 0:Wr:ISS,ThroughPut per Sampleing Period(bytes/Sample Window(4095 cycles)),Value,,,3253.680000,,,,0,,,
,284697,224,SM_STATISTICS_UNIT0,,SDRAM,,656,EMIF 1:Wr:ISS,ThroughPut per Sampleing Period(bytes/Sample Window(4095 cycles)),Value,,,3253.680000,,,,0,,,
1887,286581,224,SM_STATISTICS_UNIT0,,SDRAM,,640,EMIF 0:Wr:ISS,ThroughPut per Sampleing Period(bytes/Sample Window(4095 cycles)),Value,,,3275.211429,,,,0,,,
,286581,224,SM_STATISTICS_UNIT0,,SDRAM,,640,EMIF 1:Wr:ISS,ThroughPut per Sampleing Period(bytes/Sample Window(4095 cycles)),Value,,,3275.211429,,,,0,,,
1884,288468,224,SM_STATISTICS_UNIT0,,SDRAM,,640,EMIF 0:Wr:ISS,ThroughPut per Sampleing Period(bytes/Sample Window(4095 cycles)),Value,,,3296.777143,,,,0,,,
,288468,224,SM_STATISTICS_UNIT0,,SDRAM,,656,EMIF 1:Wr:ISS,ThroughPut per Sampleing Period(bytes/Sample Window(4095 cycles)),Value,,,3296.777143,,,,0,,,
1887,290352,224,SM_STATISTICS_UNIT0,,SDRAM,,640,EMIF 0:Wr:ISS,ThroughPut per Sampleing Period(bytes/Sample Window(4095 cycles)),Value,,,3318.308571,,,,0,,,
,290352,224,SM_STATISTICS_UNIT0,,SDRAM,,656,EMIF 1:Wr:ISS,ThroughPut per Sampleing Period(bytes/Sample Window(4095 cycles)),Value,,,3318.308571,,,,0,,,
1883,292239,224,SM_STATISTICS_UNIT0,,SDRAM,,768,EMIF 0:Wr:ISS,ThroughPut per Sampleing Period(bytes/Sample Window(4095 cycles)),Value,,,3339.874286,,,,0,,,
,292239,224,SM_STATISTICS_UNIT0,,SDRAM,,640,EMIF 1:Wr:ISS,ThroughPut per Sampleing Period(bytes/Sample Window(4095 cycles)),Value,,,3339.874286,,,,0,,,
75,294122,224,SM_STATISTICS_UNIT0,,SDRAM,,640,EMIF 0:Wr:ISS,ThroughPut per Sampleing Period(bytes/Sample Window(4095 cycles)),Value,,,3361.394286,,,,0,,,
,294122,224,SM_STATISTICS_UNIT0,,SDRAM,,656,EMIF 1:Wr:ISS,ThroughPut per Sampleing Period(bytes/Sample Window(4095 cycles)),Value,,,3361.394286,,,,0,,,
3697,294197,224,SM_STATISTICS_UNIT0,,SDRAM,,656,EMIF 0:Wr:ISS,ThroughPut per Sampleing Period(bytes/Sample Window(4095 cycles)),Value,,,3362.251429,,,,0,,,
,294197,224,SM_STATISTICS_UNIT0,,SDRAM,,640,EMIF 1:Wr:ISS,ThroughPut per Sampleing Period(bytes/Sample Window(4095 cycles)),Value,,,3362.251429,,,,0,,,
1884,297894,224,SM_STATISTICS_UNIT0,,SDRAM,,640,EMIF 0:Wr:ISS,ThroughPut per Sampleing Period(bytes/Sample Window(4095 cycles)),Value,,,3404.502857,,,,0,,,
,297894,224,SM_STATISTICS_UNIT0,,SDRAM,,640,EMIF 1:Wr:ISS,ThroughPut per Sampleing Period(bytes/Sample Window(4095 cycles)),Value,,,3404.502857,,,,0,,,
1887,299778,224,SM_STATISTICS_UNIT0,,SDRAM,,656,EMIF 0:Wr:ISS,ThroughPut per Sampleing Period(bytes/Sample Window(4095 cycles)),Value,,,3426.034286,,,,0,,,
,299778,224,SM_STATISTICS_UNIT0,,SDRAM,,640,EMIF 1:Wr:ISS,ThroughPut per Sampleing Period(bytes/Sample Window(4095 cycles)),Value,,,3426.034286,,,,0,,,
1884,301665,224,SM_STATISTICS_UNIT0,,SDRAM,,592,EMIF 0:Wr:ISS,ThroughPut per Sampleing Period(bytes/Sample Window(4095 cycles)),Value,,,3447.600000,,,,0,,,
,301665,224,SM_STATISTICS_UNIT0,,SDRAM,,640,EMIF 1:Wr:ISS,ThroughPut per Sampleing Period(bytes/Sample Window(4095 cycles)),Value,,,3447.600000,,,,0,,,
1887,303549,224,SM_STATISTICS_UNIT0,,SDRAM,,704,EMIF 0:Wr:ISS,ThroughPut per Sampleing Period(bytes/Sample Window(4095 cycles)),Value,,,3469.131429,,,,0,,,
,303549,224,SM_STATISTICS_UNIT0,,SDRAM,,640,EMIF 1:Wr:ISS,ThroughPut per Sampleing Period(bytes/Sample Window(4095 cycles)),Value,,,3469.131429,,,,0,,,
1883,305436,224,SM_STATISTICS_UNIT0,,SDRAM,,656,EMIF 0:Wr:ISS,ThroughPut per Sampleing Period(bytes/Sample Window(4095 cycles)),Value,,,3490.697143,,,,0,,,
,305436,224,SM_STATISTICS_UNIT0,,SDRAM,,512,EMIF 1:Wr:ISS,ThroughPut per Sampleing Period(bytes/Sample Window(4095 cycles)),Value,,,3490.697143,,,,0,,,
1888,307319,224,SM_STATISTICS_UNIT0,,SDRAM,,640,EMIF 0:Wr:ISS,ThroughPut per Sampleing Period(bytes/Sample Window(4095 cycles)),Value,,,3512.217143,,,,0,,,
,307319,224,SM_STATISTICS_UNIT0,,SDRAM,,784,EMIF 1:Wr:ISS,ThroughPut per Sampleing Period(bytes/Sample Window(4095 cycles)),Value,,,3512.217143,,,,0,,,
70,309207,224,SM_STATISTICS_UNIT0,,SDRAM,,640,EMIF 0:Wr:ISS,ThroughPut per Sampleing Period(bytes/Sample Window(4095 cycles)),Value,,,3533.794286,,,,0,,,
,309207,224,SM_STATISTICS_UNIT0,,SDRAM,,640,EMIF 1:Wr:ISS,ThroughPut per Sampleing Period(bytes/Sample Window(4095 cycles)),Value,,,3533.794286,,,,0,,,
3700,309277,224,SM_STATISTICS_UNIT0,,SDRAM,,640,EMIF 0:Wr:ISS,ThroughPut per Sampleing Period(bytes/Sample Window(4095 cycles)),Value,,,3534.594286,,,,0,,,
,309277,224,SM_STATISTICS_UNIT0,,SDRAM,,656,EMIF 1:Wr:ISS,ThroughPut per Sampleing Period(bytes/Sample Window(4095 cycles)),Value,,,3534.594286,,,,0,,,
74,312977,224,SM_STATISTICS_UNIT0,,SDRAM,,640,EMIF 0:Wr:ISS,ThroughPut per Sampleing Period(bytes/Sample Window(4095 cycles)),Value,,,3576.880000,,,,0,,,
,312977,224,SM_STATISTICS_UNIT0,,SDRAM,,640,EMIF 1:Wr:ISS,ThroughPut per Sampleing Period(bytes/Sample Window(4095 cycles)),Value,,,3576.880000,,,,0,,,
3697,313051,224,SM_STATISTICS_UNIT0,,SDRAM,,640,EMIF 0:Wr:ISS,ThroughPut per Sampleing Period(bytes/Sample Window(4095 cycles)),Value,,,3577.725714,,,,0,,,
,313051,224,SM_STATISTICS_UNIT0,,SDRAM,,656,EMIF 1:Wr:ISS,ThroughPut per Sampleing Period(bytes/Sample Window(4095 cycles)),Value,,,3577.725714,,,,0,,,
1884,316748,224,SM_STATISTICS_UNIT0,,SDRAM,,640,EMIF 0:Wr:ISS,ThroughPut per Sampleing Period(bytes/Sample Window(4095 cycles)),Value,,,3619.977143,,,,0,,,
,316748,224,SM_STATISTICS_UNIT0,,SDRAM,,656,EMIF 1:Wr:ISS,ThroughPut per Sampleing Period(bytes/Sample Window(4095 cycles)),Value,,,3619.977143,,,,0,,,
1887,318632,224,SM_STATISTICS_UNIT0,,SDRAM,,768,EMIF 0:Wr:ISS,ThroughPut per Sampleing Period(bytes/Sample Window(4095 cycles)),Value,,,3641.508571,,,,0,,,
,318632,224,SM_STATISTICS_UNIT0,,SDRAM,,640,EMIF 1:Wr:ISS,ThroughPut per Sampleing Period(bytes/Sample Window(4095 cycles)),Value,,,3641.508571,,,,0,,,
1884,320519,224,SM_STATISTICS_UNIT0,,SDRAM,,656,EMIF 0:Wr:ISS,ThroughPut per Sampleing Period(bytes/Sample Window(4095 cycles)),Value,,,3663.074286,,,,0,,,
,320519,224,SM_STATISTICS_UNIT0,,SDRAM,,640,EMIF 1:Wr:ISS,ThroughPut per Sampleing Period(bytes/Sample Window(4095 cycles)),Value,,,3663.074286,,,,0,,,
74,322403,224,SM_STATISTICS_UNIT0,,SDRAM,,528,EMIF 0:Wr:ISS,ThroughPut per Sampleing Period(bytes/Sample Window(4095 cycles)),Value,,,3684.605714,,,,0,,,
,322403,224,SM_STATISTICS_UNIT0,,SDRAM,,640,EMIF 1:Wr:ISS,ThroughPut per Sampleing Period(bytes/Sample Window(4095 cycles)),Value,,,3684.605714,,,,0,,,
3697,322477,224,SM_STATISTICS_UNIT0,,SDRAM,,768,EMIF 0:Wr:ISS,ThroughPut per Sampleing Period(bytes/Sample Window(4095 cycles)),Value,,,3685.451429,,,,0,,,
,322477,224,SM_STATISTICS_UNIT0,,SDRAM,,640,EMIF 1:Wr:ISS,ThroughPut per Sampleing Period(bytes/Sample Window(4095 cycles)),Value,,,3685.451429,,,,0,,,
74,326174,224,SM_STATISTICS_UNIT0,,SDRAM,,656,EMIF 0:Wr:ISS,ThroughPut per Sampleing Period(bytes/Sample Window(4095 cycles)),Value,,,3727.702857,,,,0,,,
,326174,224,SM_STATISTICS_UNIT0,,SDRAM,,640,EMIF 1:Wr:ISS,ThroughPut per Sampleing Period(bytes/Sample Window(4095 cycles)),Value,,,3727.702857,,,,0,,,
3697,326248,224,SM_STATISTICS_UNIT0,,SDRAM,,592,EMIF 0:Wr:ISS,ThroughPut per Sampleing Period(bytes/Sample Window(4095 cycles)),Value,,,3728.548571,,,,0,,,
,326248,224,SM_STATISTICS_UNIT0,,SDRAM,,640,EMIF 1:Wr:ISS,ThroughPut per Sampleing Period(bytes/Sample Window(4095 cycles)),Value,,,3728.548571,,,,0,,,
75,329945,224,SM_STATISTICS_UNIT0,,SDRAM,,704,EMIF 0:Wr:ISS,ThroughPut per Sampleing Period(bytes/Sample Window(4095 cycles)),Value,,,3770.800000,,,,0,,,
,329945,224,SM_STATISTICS_UNIT0,,SDRAM,,640,EMIF 1:Wr:ISS,ThroughPut per Sampleing Period(bytes/Sample Window(4095 cycles)),Value,,,3770.800000,,,,0,,,
3697,330020,224,SM_STATISTICS_UNIT0,,SDRAM,,640,EMIF 0:Wr:ISS,ThroughPut per Sampleing Period(bytes/Sample Window(4095 cycles)),Value,,,3771.657143,,,,0,,,
,330020,224,SM_STATISTICS_UNIT0,,SDRAM,,656,EMIF 1:Wr:ISS,ThroughPut per Sampleing Period(bytes/Sample Window(4095 cycles)),Value,,,3771.657143,,,,0,,,
1884,333717,224,SM_STATISTICS_UNIT0,,SDRAM,,640,EMIF 0:Wr:ISS,ThroughPut per Sampleing Period(bytes/Sample Window(4095 cycles)),Value,,,3813.908571,,,,0,,,
,333717,224,SM_STATISTICS_UNIT0,,SDRAM,,752,EMIF 1:Wr:ISS,ThroughPut per Sampleing Period(bytes/Sample Window(4095 cycles)),Value,,,3813.908571,,,,0,,,
74,335601,224,SM_STATISTICS_UNIT0,,SDRAM,,640,EMIF 0:Wr:ISS,ThroughPut per Sampleing Period(bytes/Sample Window(4095 cycles)),Value,,,3835.440000,,,,0,,,
,335601,224,SM_STATISTICS_UNIT0,,SDRAM,,672,EMIF 1:Wr:ISS,ThroughPut per Sampleing Period(bytes/Sample Window(4095 cycles)),Value,,,3835.440000,,,,0,,,
3696,335675,224,SM_STATISTICS_UNIT0,,SDRAM,,640,EMIF 0:Wr:ISS,ThroughPut per Sampleing Period(bytes/Sample Window(4095 cycles)),Value,,,3836.285714,,,,0,,,
,335675,224,SM_STATISTICS_UNIT0,,SDRAM,,656,EMIF 1:Wr:ISS,ThroughPut per Sampleing Period(bytes/Sample Window(4095 cycles)),Value,,,3836.285714,,,,0,,,
1888,339371,224,SM_STATISTICS_UNIT0,,SDRAM,,640,EMIF 0:Wr:ISS,ThroughPut per Sampleing Period(bytes/Sample Window(4095 cycles)),Value,,,3878.525714,,,,0,,,
,339371,224,SM_STATISTICS_UNIT0,,SDRAM,,640,EMIF 1:Wr:ISS,ThroughPut per Sampleing Period(bytes/Sample Window(4095 cycles)),Value,,,3878.525714,,,,0,,,
1884,341259,224,SM_STATISTICS_UNIT0,,SDRAM,,640,EMIF 0:Wr:ISS,ThroughPut per Sampleing Period(bytes/Sample Window(4095 cycles)),Value,,,3900.102857,,,,0,,,
,341259,224,SM_STATISTICS_UNIT0,,SDRAM,,656,EMIF 1:Wr:ISS,ThroughPut per Sampleing Period(bytes/Sample Window(4095 cycles)),Value,,,3900.102857,,,,0,,,
74,343143,224,SM_STATISTICS_UNIT0,,SDRAM,,656,EMIF 0:Wr:ISS,ThroughPut per Sampleing Period(bytes/Sample Window(4095 cycles)),Value,,,3921.634286,,,,0,,,
,343143,224,SM_STATISTICS_UNIT0,,SDRAM,,640,EMIF 1:Wr:ISS,ThroughPut per Sampleing Period(bytes/Sample Window(4095 cycles)),Value,,,3921.634286,,,,0,,,
3697,343217,224,SM_STATISTICS_UNIT0,,SDRAM,,768,EMIF 0:Wr:ISS,ThroughPut per Sampleing Period(bytes/Sample Window(4095 cycles)),Value,,,3922.480000,,,,0,,,
,343217,224,SM_STATISTICS_UNIT0,,SDRAM,,640,EMIF 1:Wr:ISS,ThroughPut per Sampleing Period(bytes/Sample Window(4095 cycles)),Value,,,3922.480000,,,,0,,,
1884,346914,224,SM_STATISTICS_UNIT0,,SDRAM,,528,EMIF 0:Wr:ISS,ThroughPut per Sampleing Period(bytes/Sample Window(4095 cycles)),Value,,,3964.731429,,,,0,,,
,346914,224,SM_STATISTICS_UNIT0,,SDRAM,,640,EMIF 1:Wr:ISS,ThroughPut per Sampleing Period(bytes/Sample Window(4095 cycles)),Value,,,3964.731429,,,,0,,,
1887,348798,224,SM_STATISTICS_UNIT0,,SDRAM,,656,EMIF 0:Wr:ISS,ThroughPut per Sampleing Period(bytes/Sample Window(4095 cycles)),Value,,,3986.262857,,,,0,,,
,348798,224,SM_STATISTICS_UNIT0,,SDRAM,,640,EMIF 1:Wr:ISS,ThroughPut per Sampleing Period(bytes/Sample Window(4095 cycles)),Value,,,3986.262857,,,,0,,,
74,350685,224,SM_STATISTICS_UNIT0,,SDRAM,,768,EMIF 0:Wr:ISS,ThroughPut per Sampleing Period(bytes/Sample Window(4095 cycles)),Value,,,4007.828571,,,,0,,,
,350685,224,SM_STATISTICS_UNIT0,,SDRAM,,640,EMIF 1:Wr:ISS,ThroughPut per Sampleing Period(bytes/Sample Window(4095 cycles)),Value,,,4007.828571,,,,0,,,
3697,350759,224,SM_STATISTICS_UNIT0,,SDRAM,,656,EMIF 0:Wr:ISS,ThroughPut per Sampleing Period(bytes/Sample Window(4095 cycles)),Value,,,4008.674286,,,,0,,,
,350759,224,SM_STATISTICS_UNIT0,,SDRAM,,640,EMIF 1:Wr:ISS,ThroughPut per Sampleing Period(bytes/Sample Window(4095 cycles)),Value,,,4008.674286,,,,0,,,
1883,354456,224,SM_STATISTICS_UNIT0,,SDRAM,,640,EMIF 0:Wr:ISS,ThroughPut per Sampleing Period(bytes/Sample Window(4095 cycles)),Value,,,4050.925714,,,,0,,,
,354456,224,SM_STATISTICS_UNIT0,,SDRAM,,656,EMIF 1:Wr:ISS,ThroughPut per Sampleing Period(bytes/Sample Window(4095 cycles)),Value,,,4050.925714,,,,0,,,
1887,356339,224,SM_STATISTICS_UNIT0,,SDRAM,,640,EMIF 0:Wr:ISS,ThroughPut per Sampleing Period(bytes/Sample Window(4095 cycles)),Value,,,4072.445714,,,,0,,,
,356339,224,SM_STATISTICS_UNIT0,,SDRAM,,640,EMIF 1:Wr:ISS,ThroughPut per Sampleing Period(bytes/Sample Window(4095 cycles)),Value,,,4072.445714,,,,0,,,
75,358226,224,SM_STATISTICS_UNIT0,,SDRAM,,640,EMIF 0:Wr:ISS,ThroughPut per Sampleing Period(bytes/Sample Window(4095 cycles)),Value,,,4094.011429,,,,0,,,
,358226,224,SM_STATISTICS_UNIT0,,SDRAM,,656,EMIF 1:Wr:ISS,ThroughPut per Sampleing Period(bytes/Sample Window(4095 cycles)),Value,,,4094.011429,,,,0,,,
3695,358301,224,SM_STATISTICS_UNIT0,,SDRAM,,640,EMIF 0:Wr:ISS,ThroughPut per Sampleing Period(bytes/Sample Window(4095 cycles)),Value,,,4094.868571,,,,0,,,
,358301,224,SM_STATISTICS_UNIT0,,SDRAM,,720,EMIF 1:Wr:ISS,ThroughPut per Sampleing Period(bytes/Sample Window(4095 cycles)),Value,,,4094.868571,,,,0,,,
1887,361996,224,SM_STATISTICS_UNIT0,,SDRAM,,640,EMIF 0:Wr:ISS,ThroughPut per Sampleing Period(bytes/Sample Window(4095 cycles)),Value,,,4137.097143,,,,0,,,
,361996,224,SM_STATISTICS_UNIT0,,SDRAM,,704,EMIF 1:Wr:ISS,ThroughPut per Sampleing Period(bytes/Sample Window(4095 cycles)),Value,,,4137.097143,,,,0,,,
1883,363883,224,SM_STATISTICS_UNIT0,,SDRAM,,640,EMIF 0:Wr:ISS,ThroughPut per Sampleing Period(bytes/Sample Window(4095 cycles)),Value,,,4158.662857,,,,0,,,
,363883,224,SM_STATISTICS_UNIT0,,SDRAM,,656,EMIF 1:Wr:ISS,ThroughPut per Sampleing Period(bytes/Sample Window(4095 cycles)),Value,,,4158.662857,,,,0,,,
1887,365766,224,SM_STATISTICS_UNIT0,,SDRAM,,640,EMIF 0:Wr:ISS,ThroughPut per Sampleing Period(bytes/Sample Window(4095 cycles)),Value,,,4180.182857,,,,0,,,
,365766,224,SM_STATISTICS_UNIT0,,SDRAM,,640,EMIF 1:Wr:ISS,ThroughPut per Sampleing Period(bytes/Sample Window(4095 cycles)),Value,,,4180.182857,,,,0,,,
75,367653,224,SM_STATISTICS_UNIT0,,SDRAM,,656,EMIF 0:Wr:ISS,ThroughPut per Sampleing Period(bytes/Sample Window(4095 cycles)),Value,,,4201.748571,,,,0,,,
,367653,224,SM_STATISTICS_UNIT0,,SDRAM,,640,EMIF 1:Wr:ISS,ThroughPut per Sampleing Period(bytes/Sample Window(4095 cycles)),Value,,,4201.748571,,,,0,,,
3695,367728,224,SM_STATISTICS_UNIT0,,SDRAM,,656,EMIF 0:Wr:ISS,ThroughPut per Sampleing Period(bytes/Sample Window(4095 cycles)),Value,,,4202.605714,,,,0,,,
,367728,224,SM_STATISTICS_UNIT0,,SDRAM,,640,EMIF 1:Wr:ISS,ThroughPut per Sampleing Period(bytes/Sample Window(4095 cycles)),Value,,,4202.605714,,,,0,,,
74,371423,224,SM_STATISTICS_UNIT0,,SDRAM,,640,EMIF 0:Wr:ISS,ThroughPut per Sampleing Period(bytes/Sample Window(4095 cycles)),Value,,,4244.834286,,,,0,,,
,371423,224,SM_STATISTICS_UNIT0,,SDRAM,,640,EMIF 1:Wr:ISS,ThroughPut per Sampleing Period(bytes/Sample Window(4095 cycles)),Value,,,4244.834286,,,,0,,,
3698,371497,224,SM_STATISTICS_UNIT0,,SDRAM,,656,EMIF 0:Wr:ISS,ThroughPut per Sampleing Period(bytes/Sample Window(4095 cycles)),Value,,,4245.680000,,,,0,,,
,371497,224,SM_STATISTICS_UNIT0,,SDRAM,,640,EMIF 1:Wr:ISS,ThroughPut per Sampleing Period(bytes/Sample Window(4095 cycles)),Value,,,4245.680000,,,,0,,,
1883,375195,224,SM_STATISTICS_UNIT0,,SDRAM,,656,EMIF 0:Wr:ISS,ThroughPut per Sampleing Period(bytes/Sample Window(4095 cycles)),Value,,,4287.942857,,,,0,,,
,375195,224,SM_STATISTICS_UNIT0,,SDRAM,,640,EMIF 1:Wr:ISS,ThroughPut per Sampleing Period(bytes/Sample Window(4095 cycles)),Value,,,4287.942857,,,,0,,,
1887,377078,224,SM_STATISTICS_UNIT0,,SDRAM,,768,EMIF 0:Wr:ISS,ThroughPut per Sampleing Period(bytes/Sample Window(4095 cycles)),Value,,,4309.462857,,,,0,,,
,377078,224,SM_STATISTICS_UNIT0,,SDRAM,,640,EMIF 1:Wr:ISS,ThroughPut per Sampleing Period(bytes/Sample Window(4095 cycles)),Value,,,4309.462857,,,,0,,,
1886,378965,224,SM_STATISTICS_UNIT0,,SDRAM,,640,EMIF 0:Wr:ISS,ThroughPut per Sampleing Period(bytes/Sample Window(4095 cycles)),Value,,,4331.028571,,,,0,,,
,378965,224,SM_STATISTICS_UNIT0,,SDRAM,,656,EMIF 1:Wr:ISS,ThroughPut per Sampleing Period(bytes/Sample Window(4095 cycles)),Value,,,4331.028571,,,,0,,,
1884,380851,224,SM_STATISTICS_UNIT0,,SDRAM,,640,EMIF 0:Wr:ISS,ThroughPut per Sampleing Period(bytes/Sample Window(4095 cycles)),Value,,,4352.582857,,,,0,,,
,380851,224,SM_STATISTICS_UNIT0,,SDRAM,,656,EMIF 1:Wr:ISS,ThroughPut per Sampleing Period(bytes/Sample Window(4095 cycles)),Value,,,4352.582857,,,,0,,,
1886,382735,224,SM_STATISTICS_UNIT0,,SDRAM,,640,EMIF 0:Wr:ISS,ThroughPut per Sampleing Period(bytes/Sample Window(4095 cycles)),Value,,,4374.114286,,,,0,,,
,382735,224,SM_STATISTICS_UNIT0,,SDRAM,,640,EMIF 1:Wr:ISS,ThroughPut per Sampleing Period(bytes/Sample Window(4095 cycles)),Value,,,4374.114286,,,,0,,,
1887,384621,224,SM_STATISTICS_UNIT0,,SDRAM,,640,EMIF 0:Wr:ISS,ThroughPut per Sampleing Period(bytes/Sample Window(4095 cycles)),Value,,,4395.668571,,,,0,,,
,384621,224,SM_STATISTICS_UNIT0,,SDRAM,,656,EMIF 1:Wr:ISS,ThroughPut per Sampleing Period(bytes/Sample Window(4095 cycles)),Value,,,4395.668571,,,,0,,,
1883,386508,224,SM_STATISTICS_UNIT0,,SDRAM,,640,EMIF 0:Wr:ISS,ThroughPut per Sampleing Period(bytes/Sample Window(4095 cycles)),Value,,,4417.234286,,,,0,,,
,386508,224,SM_STATISTICS_UNIT0,,SDRAM,,688,EMIF 1:Wr:ISS,ThroughPut per Sampleing Period(bytes/Sample Window(4095 cycles)),Value,,,4417.234286,,,,0,,,
1887,388391,224,SM_STATISTICS_UNIT0,,SDRAM,,640,EMIF 0:Wr:ISS,ThroughPut per Sampleing Period(bytes/Sample Window(4095 cycles)),Value,,,4438.754286,,,,0,,,
,388391,224,SM_STATISTICS_UNIT0,,SDRAM,,736,EMIF 1:Wr:ISS,ThroughPut per Sampleing Period(bytes/Sample Window(4095 cycles)),Value,,,4438.754286,,,,0,,,
74,390278,224,SM_STATISTICS_UNIT0,,SDRAM,,656,EMIF 0:Wr:ISS,ThroughPut per Sampleing Period(bytes/Sample Window(4095 cycles)),Value,,,4460.320000,,,,0,,,
,390278,224,SM_STATISTICS_UNIT0,,SDRAM,,512,EMIF 1:Wr:ISS,ThroughPut per Sampleing Period(bytes/Sample Window(4095 cycles)),Value,,,4460.320000,,,,0,,,
3695,390352,224,SM_STATISTICS_UNIT0,,SDRAM,,640,EMIF 0:Wr:ISS,ThroughPut per Sampleing Period(bytes/Sample Window(4095 cycles)),Value,,,4461.165714,,,,0,,,
,390352,224,SM_STATISTICS_UNIT0,,SDRAM,,768,EMIF 1:Wr:ISS,ThroughPut per Sampleing Period(bytes/Sample Window(4095 cycles)),Value,,,4461.165714,,,,0,,,
1887,394047,224,SM_STATISTICS_UNIT0,,SDRAM,,656,EMIF 0:Wr:ISS,ThroughPut per Sampleing Period(bytes/Sample Window(4095 cycles)),Value,,,4503.394286,,,,0,,,
,394047,224,SM_STATISTICS_UNIT0,,SDRAM,,640,EMIF 1:Wr:ISS,ThroughPut per Sampleing Period(bytes/Sample Window(4095 cycles)),Value,,,4503.394286,,,,0,,,
71,395934,224,SM_STATISTICS_UNIT0,,SDRAM,,656,EMIF 0:Wr:ISS,ThroughPut per Sampleing Period(bytes/Sample Window(4095 cycles)),Value,,,4524.960000,,,,0,,,
,395934,224,SM_STATISTICS_UNIT0,,SDRAM,,640,EMIF 1:Wr:ISS,ThroughPut per Sampleing Period(bytes/Sample Window(4095 cycles)),Value,,,4524.960000,,,,0,,,
3698,396005,224,SM_STATISTICS_UNIT0,,SDRAM,,640,EMIF 0:Wr:ISS,ThroughPut per Sampleing Period(bytes/Sample Window(4095 cycles)),Value,,,4525.771429,,,,0,,,
,396005,224,SM_STATISTICS_UNIT0,,SDRAM,,640,EMIF 1:Wr:ISS,ThroughPut per Sampleing Period(bytes/Sample Window(4095 cycles)),Value,,,4525.771429,,,,0,,,
1888,399703,224,SM_STATISTICS_UNIT0,,SDRAM,,656,EMIF 0:Wr:ISS,ThroughPut per Sampleing Period(bytes/Sample Window(4095 cycles)),Value,,,4568.034286,,,,0,,,
,399703,224,SM_STATISTICS_UNIT0,,SDRAM,,640,EMIF 1:Wr:ISS,ThroughPut per Sampleing Period(bytes/Sample Window(4095 cycles)),Value,,,4568.034286,,,,0,,,
70,401591,224,SM_STATISTICS_UNIT0,,SDRAM,,640,EMIF 0:Wr:ISS,ThroughPut per Sampleing Period(bytes/Sample Window(4095 cycles)),Value,,,4589.611429,,,,0,,,
,401591,224,SM_STATISTICS_UNIT0,,SDRAM,,656,EMIF 1:Wr:ISS,ThroughPut per Sampleing Period(bytes/Sample Window(4095 cycles)),Value,,,4589.611429,,,,0,,,
3699,401661,224,SM_STATISTICS_UNIT0,,SDRAM,,1280,EMIF 0:Wr:ISS,ThroughPut per Sampleing Period(bytes/Sample Window(4095 cycles)),Value,,,4590.411429,,,,0,,,
,401661,224,SM_STATISTICS_UNIT0,,SDRAM,,640,EMIF 1:Wr:ISS,ThroughPut per Sampleing Period(bytes/Sample Window(4095 cycles)),Value,,,4590.411429,,,,0,,,
1886,405360,224,SM_STATISTICS_UNIT0,,SDRAM,,640,EMIF 0:Wr:ISS,ThroughPut per Sampleing Period(bytes/Sample Window(4095 cycles)),Value,,,4632.685714,,,,0,,,
,405360,224,SM_STATISTICS_UNIT0,,SDRAM,,656,EMIF 1:Wr:ISS,ThroughPut per Sampleing Period(bytes/Sample Window(4095 cycles)),Value,,,4632.685714,,,,0,,,
75,407246,224,SM_STATISTICS_UNIT0,,SDRAM,,640,EMIF 0:Wr:ISS,ThroughPut per Sampleing Period(bytes/Sample Window(4095 cycles)),Value,,,4654.240000,,,,0,,,
,407246,224,SM_STATISTICS_UNIT0,,SDRAM,,1168,EMIF 1:Wr:ISS,ThroughPut per Sampleing Period(bytes/Sample Window(4095 cycles)),Value,,,4654.240000,,,,0,,,
3695,407321,224,SM_STATISTICS_UNIT0,,SDRAM,,640,EMIF 0:Wr:ISS,ThroughPut per Sampleing Period(bytes/Sample Window(4095 cycles)),Value,,,4655.097143,,,,0,,,
,407321,224,SM_STATISTICS_UNIT0,,SDRAM,,640,EMIF 1:Wr:ISS,ThroughPut per Sampleing Period(bytes/Sample Window(4095 cycles)),Value,,,4655.097143,,,,0,,,
1887,411016,224,SM_STATISTICS_UNIT0,,SDRAM,,640,EMIF 0:Wr:ISS,ThroughPut per Sampleing Period(bytes/Sample Window(4095 cycles)),Value,,,4697.325714,,,,0,,,
,411016,224,SM_STATISTICS_UNIT0,,SDRAM,,1168,EMIF 1:Wr:ISS,ThroughPut per Sampleing Period(bytes/Sample Window(4095 cycles)),Value,,,4697.325714,,,,0,,,
1883,412903,224,SM_STATISTICS_UNIT0,,SDRAM,,656,EMIF 0:Wr:ISS,ThroughPut per Sampleing Period(bytes/Sample Window(4095 cycles)),Value,,,4718.891429,,,,0,,,
,412903,224,SM_STATISTICS_UNIT0,,SDRAM,,640,EMIF 1:Wr:ISS,ThroughPut per Sampleing Period(bytes/Sample Window(4095 cycles)),Value,,,4718.891429,,,,0,,,
1887,414786,224,SM_STATISTICS_UNIT0,,SDRAM,,640,EMIF 0:Wr:ISS,ThroughPut per Sampleing Period(bytes/Sample Window(4095 cycles)),Value,,,4740.411429,,,,0,,,
,414786,224,SM_STATISTICS_UNIT0,,SDRAM,,640,EMIF 1:Wr:ISS,ThroughPut per Sampleing Period(bytes/Sample Window(4095 cycles)),Value,,,4740.411429,,,,0,,,
1886,416673,224,SM_STATISTICS_UNIT0,,SDRAM,,656,EMIF 0:Wr:ISS,ThroughPut per Sampleing Period(bytes/Sample Window(4095 cycles)),Value,,,4761.977143,,,,0,,,
,416673,224,SM_STATISTICS_UNIT0,,SDRAM,,640,EMIF 1:Wr:ISS,ThroughPut per Sampleing Period(bytes/Sample Window(4095 cycles)),Value,,,4761.977143,,,,0,,,
1883,418559,224,SM_STATISTICS_UNIT0,,SDRAM,,640,EMIF 0:Wr:ISS,ThroughPut per Sampleing Period(bytes/Sample Window(4095 cycles)),Value,,,4783.531429,,,,0,,,
,418559,224,SM_STATISTICS_UNIT0,,SDRAM,,768,EMIF 1:Wr:ISS,ThroughPut per Sampleing Period(bytes/Sample Window(4095 cycles)),Value,,,4783.531429,,,,0,,,
1887,420442,224,SM_STATISTICS_UNIT0,,SDRAM,,656,EMIF 0:Wr:ISS,ThroughPut per Sampleing Period(bytes/Sample Window(4095 cycles)),Value,,,4805.051429,,,,0,,,
,420442,224,SM_STATISTICS_UNIT0,,SDRAM,,640,EMIF 1:Wr:ISS,ThroughPut per Sampleing Period(bytes/Sample Window(4095 cycles)),Value,,,4805.051429,,,,0,,,
74,422329,224,SM_STATISTICS_UNIT0,,SDRAM,,656,EMIF 0:Wr:ISS,ThroughPut per Sampleing Period(bytes/Sample Window(4095 cycles)),Value,,,4826.617143,,,,0,,,
,422329,224,SM_STATISTICS_UNIT0,,SDRAM,,640,EMIF 1:Wr:ISS,ThroughPut per Sampleing Period(bytes/Sample Window(4095 cycles)),Value,,,4826.617143,,,,0,,,
3696,422403,224,SM_STATISTICS_UNIT0,,SDRAM,,640,EMIF 0:Wr:ISS,ThroughPut per Sampleing Period(bytes/Sample Window(4095 cycles)),Value,,,4827.462857,,,,0,,,
,422403,224,SM_STATISTICS_UNIT0,,SDRAM,,640,EMIF 1:Wr:ISS,ThroughPut per Sampleing Period(bytes/Sample Window(4095 cycles)),Value,,,4827.462857,,,,0,,,
1887,426099,224,SM_STATISTICS_UNIT0,,SDRAM,,640,EMIF 0:Wr:ISS,ThroughPut per Sampleing Period(bytes/Sample Window(4095 cycles)),Value,,,4869.702857,,,,0,,,
,426099,224,SM_STATISTICS_UNIT0,,SDRAM,,656,EMIF 1:Wr:ISS,ThroughPut per Sampleing Period(bytes/Sample Window(4095 cycles)),Value,,,4869.702857,,,,0,,,
1884,427986,224,SM_STATISTICS_UNIT0,,SDRAM,,640,EMIF 0:Wr:ISS,ThroughPut per Sampleing Period(bytes/Sample Window(4095 cycles)),Value,,,4891.268571,,,,0,,,
,427986,224,SM_STATISTICS_UNIT0,,SDRAM,,656,EMIF 1:Wr:ISS,ThroughPut per Sampleing Period(bytes/Sample Window(4095 cycles)),Value,,,4891.268571,,,,0,,,
74,429870,224,SM_STATISTICS_UNIT0,,SDRAM,,768,EMIF 0:Wr:ISS,ThroughPut per Sampleing Period(bytes/Sample Window(4095 cycles)),Value,,,4912.800000,,,,0,,,
,429870,224,SM_STATISTICS_UNIT0,,SDRAM,,640,EMIF 1:Wr:ISS,ThroughPut per Sampleing Period(bytes/Sample Window(4095 cycles)),Value,,,4912.800000,,,,0,,,
3698,429944,224,SM_STATISTICS_UNIT0,,SDRAM,,640,EMIF 0:Wr:ISS,ThroughPut per Sampleing Period(bytes/Sample Window(4095 cycles)),Value,,,4913.645714,,,,0,,,
,429944,224,SM_STATISTICS_UNIT0,,SDRAM,,656,EMIF 1:Wr:ISS,ThroughPut per Sampleing Period(bytes/Sample Window(4095 cycles)),Value,,,4913.645714,,,,0,,,
70,433642,224,SM_STATISTICS_UNIT0,,SDRAM,,512,EMIF 0:Wr:ISS,ThroughPut per Sampleing Period(bytes/Sample Window(4095 cycles)),Value,,,4955.908571,,,,0,,,
,433642,224,SM_STATISTICS_UNIT0,,SDRAM,,656,EMIF 1:Wr:ISS,ThroughPut per Sampleing Period(bytes/Sample Window(4095 cycles)),Value,,,4955.908571,,,,0,,,
3699,433712,224,SM_STATISTICS_UNIT0,,SDRAM,,768,EMIF 0:Wr:ISS,ThroughPut per Sampleing Period(bytes/Sample Window(4095 cycles)),Value,,,4956.708571,,,,0,,,
,433712,224,SM_STATISTICS_UNIT0,,SDRAM,,640,EMIF 1:Wr:ISS,ThroughPut per Sampleing Period(bytes/Sample Window(4095 cycles)),Value,,,4956.708571,,,,0,,,
1887,437411,224,SM_STATISTICS_UNIT0,,SDRAM,,656,EMIF 0:Wr:ISS,ThroughPut per Sampleing Period(bytes/Sample Window(4095 cycles)),Value,,,4998.982857,,,,0,,,
,437411,224,SM_STATISTICS_UNIT0,,SDRAM,,640,EMIF 1:Wr:ISS,ThroughPut per Sampleing Period(bytes/Sample Window(4095 cycles)),Value,,,4998.982857,,,,0,,,
71,439298,224,SM_STATISTICS_UNIT0,,SDRAM,,624,EMIF 0:Wr:ISS,ThroughPut per Sampleing Period(bytes/Sample Window(4095 cycles)),Value,,,5020.548571,,,,0,,,
,439298,224,SM_STATISTICS_UNIT0,,SDRAM,,640,EMIF 1:Wr:ISS,ThroughPut per Sampleing Period(bytes/Sample Window(4095 cycles)),Value,,,5020.548571,,,,0,,,
3698,439369,224,SM_STATISTICS_UNIT0,,SDRAM,,672,EMIF 0:Wr:ISS,ThroughPut per Sampleing Period(bytes/Sample Window(4095 cycles)),Value,,,5021.360000,,,,0,,,
,439369,224,SM_STATISTICS_UNIT0,,SDRAM,,640,EMIF 1:Wr:ISS,ThroughPut per Sampleing Period(bytes/Sample Window(4095 cycles)),Value,,,5021.360000,,,,0,,,
1887,443067,224,SM_STATISTICS_UNIT0,,SDRAM,,656,EMIF 0:Wr:ISS,ThroughPut per Sampleing Period(bytes/Sample Window(4095 cycles)),Value,,,5063.622857,,,,0,,,
,443067,224,SM_STATISTICS_UNIT0,,SDRAM,,640,EMIF 1:Wr:ISS,ThroughPut per Sampleing Period(bytes/Sample Window(4095 cycles)),Value,,,5063.622857,,,,0,,,
74,444954,224,SM_STATISTICS_UNIT0,,SDRAM,,688,EMIF 0:Wr:ISS,ThroughPut per Sampleing Period(bytes/Sample Window(4095 cycles)),Value,,,5085.188571,,,,0,,,
,444954,224,SM_STATISTICS_UNIT0,,SDRAM,,768,EMIF 1:Wr:ISS,ThroughPut per Sampleing Period(bytes/Sample Window(4095 cycles)),Value,,,5085.188571,,,,0,,,
3696,445028,224,SM_STATISTICS_UNIT0,,SDRAM,,608,EMIF 0:Wr:ISS,ThroughPut per Sampleing Period(bytes/Sample Window(4095 cycles)),Value,,,5086.034286,,,,0,,,
,445028,224,SM_STATISTICS_UNIT0,,SDRAM,,640,EMIF 1:Wr:ISS,ThroughPut per Sampleing Period(bytes/Sample Window(4095 cycles)),Value,,,5086.034286,,,,0,,,
1887,448724,224,SM_STATISTICS_UNIT0,,SDRAM,,640,EMIF 0:Wr:ISS,ThroughPut per Sampleing Period(bytes/Sample Window(4095 cycles)),Value,,,5128.274286,,,,0,,,
,448724,224,SM_STATISTICS_UNIT0,,SDRAM,,656,EMIF 1:Wr:ISS,ThroughPut per Sampleing Period(bytes/Sample Window(4095 cycles)),Value,,,5128.274286,,,,0,,,
1885,450611,224,SM_STATISTICS_UNIT0,,SDRAM,,640,EMIF 0:Wr:ISS,ThroughPut per Sampleing Period(bytes/Sample Window(4095 cycles)),Value,,,5149.840000,,,,0,,,
,450611,224,SM_STATISTICS_UNIT0,,SDRAM,,640,EMIF 1:Wr:ISS,ThroughPut per Sampleing Period(bytes/Sample Window(4095 cycles)),Value,,,5149.840000,,,,0,,,
71,452496,224,SM_STATISTICS_UNIT0,,SDRAM,,640,EMIF 0:Wr:ISS,ThroughPut per Sampleing Period(bytes/Sample Window(4095 cycles)),Value,,,5171.382857,,,,0,,,
,452496,224,SM_STATISTICS_UNIT0,,SDRAM,,656,EMIF 1:Wr:ISS,ThroughPut per Sampleing Period(bytes/Sample Window(4095 cycles)),Value,,,5171.382857,,,,0,,,
3699,452567,224,SM_STATISTICS_UNIT0,,SDRAM,,640,EMIF 0:Wr:ISS,ThroughPut per Sampleing Period(bytes/Sample Window(4095 cycles)),Value,,,5172.194286,,,,0,,,
,452567,224,SM_STATISTICS_UNIT0,,SDRAM,,656,EMIF 1:Wr:ISS,ThroughPut per Sampleing Period(bytes/Sample Window(4095 cycles)),Value,,,5172.194286,,,,0,,,
1886,456266,224,SM_STATISTICS_UNIT0,,SDRAM,,768,EMIF 0:Wr:ISS,ThroughPut per Sampleing Period(bytes/Sample Window(4095 cycles)),Value,,,5214.468571,,,,0,,,
,456266,224,SM_STATISTICS_UNIT0,,SDRAM,,640,EMIF 1:Wr:ISS,ThroughPut per Sampleing Period(bytes/Sample Window(4095 cycles)),Value,,,5214.468571,,,,0,,,
71,458152,224,SM_STATISTICS_UNIT0,,SDRAM,,512,EMIF 0:Wr:ISS,ThroughPut per Sampleing Period(bytes/Sample Window(4095 cycles)),Value,,,5236.022857,,,,0,,,
,458152,224,SM_STATISTICS_UNIT0,,SDRAM,,656,EMIF 1:Wr:ISS,ThroughPut per Sampleing Period(bytes/Sample Window(4095 cycles)),Value,,,5236.022857,,,,0,,,
3699,458223,224,SM_STATISTICS_UNIT0,,SDRAM,,656,EMIF 0:Wr:ISS,ThroughPut per Sampleing Period(bytes/Sample Window(4095 cycles)),Value,,,5236.834286,,,,0,,,
,458223,224,SM_STATISTICS_UNIT0,,SDRAM,,640,EMIF 1:Wr:ISS,ThroughPut per Sampleing Period(bytes/Sample Window(4095 cycles)),Value,,,5236.834286,,,,0,,,
1886,461922,224,SM_STATISTICS_UNIT0,,SDRAM,,768,EMIF 0:Wr:ISS,ThroughPut per Sampleing Period(bytes/Sample Window(4095 cycles)),Value,,,5279.108571,,,,0,,,
,461922,224,SM_STATISTICS_UNIT0,,SDRAM,,640,EMIF 1:Wr:ISS,ThroughPut per Sampleing Period(bytes/Sample Window(4095 cycles)),Value,,,5279.108571,,,,0,,,
71,463808,224,SM_STATISTICS_UNIT0,,SDRAM,,656,EMIF 0:Wr:ISS,ThroughPut per Sampleing Period(bytes/Sample Window(4095 cycles)),Value,,,5300.662857,,,,0,,,
,463808,224,SM_STATISTICS_UNIT0,,SDRAM,,640,EMIF 1:Wr:ISS,ThroughPut per Sampleing Period(bytes/Sample Window(4095 cycles)),Value,,,5300.662857,,,,0,,,
3699,463879,224,SM_STATISTICS_UNIT0,,SDRAM,,592,EMIF 0:Wr:ISS,ThroughPut per Sampleing Period(bytes/Sample Window(4095 cycles)),Value,,,5301.474286,,,,0,,,
,463879,224,SM_STATISTICS_UNIT0,,SDRAM,,640,EMIF 1:Wr:ISS,ThroughPut per Sampleing Period(bytes/Sample Window(4095 cycles)),Value,,,5301.474286,,,,0,,,
1887,467578,224,SM_STATISTICS_UNIT0,,SDRAM,,704,EMIF 0:Wr:ISS,ThroughPut per Sampleing Period(bytes/Sample Window(4095 cycles)),Value,,,5343.748571,,,,0,,,
,467578,224,SM_STATISTICS_UNIT0,,SDRAM,,640,EMIF 1:Wr:ISS,ThroughPut per Sampleing Period(bytes/Sample Window(4095 cycles)),Value,,,5343.748571,,,,0,,,
1883,469465,224,SM_STATISTICS_UNIT0,,SDRAM,,656,EMIF 0:Wr:ISS,ThroughPut per Sampleing Period(bytes/Sample Window(4095 cycles)),Value,,,5365.314286,,,,0,,,
,469465,224,SM_STATISTICS_UNIT0,,SDRAM,,640,EMIF 1:Wr:ISS,ThroughPut per Sampleing Period(bytes/Sample Window(4095 cycles)),Value,,,5365.314286,,,,0,,,
1886,471348,224,SM_STATISTICS_UNIT0,,SDRAM,,640,EMIF 0:Wr:ISS,ThroughPut per Sampleing Period(bytes/Sample Window(4095 cycles)),Value,,,5386.834286,,,,0,,,
,471348,224,SM_STATISTICS_UNIT0,,SDRAM,,784,EMIF 1:Wr:ISS,ThroughPut per Sampleing Period(bytes/Sample Window(4095 cycles)),Value,,,5386.834286,,,,0,,,
1887,473234,224,SM_STATISTICS_UNIT0,,SDRAM,,640,EMIF 0:Wr:ISS,ThroughPut per Sampleing Period(bytes/Sample Window(4095 cycles)),Value,,,5408.388571,,,,0,,,
,473234,224,SM_STATISTICS_UNIT0,,SDRAM,,640,EMIF 1:Wr:ISS,ThroughPut per Sampleing Period(bytes/Sample Window(4095 cycles)),Value,,,5408.388571,,,,0,,,
1885,475121,224,SM_STATISTICS_UNIT0,,SDRAM,,640,EMIF 0:Wr:ISS,ThroughPut per Sampleing Period(bytes/Sample Window(4095 cycles)),Value,,,5429.954286,,,,0,,,
,475121,224,SM_STATISTICS_UNIT0,,SDRAM,,656,EMIF 1:Wr:ISS,ThroughPut per Sampleing Period(bytes/Sample Window(4095 cycles)),Value,,,5429.954286,,,,0,,,
1883,477006,224,SM_STATISTICS_UNIT0,,SDRAM,,640,EMIF 0:Wr:ISS,ThroughPut per Sampleing Period(bytes/Sample Window(4095 cycles)),Value,,,5451.497143,,,,0,,,
,477006,224,SM_STATISTICS_UNIT0,,SDRAM,,640,EMIF 1:Wr:ISS,ThroughPut per Sampleing Period(bytes/Sample Window(4095 cycles)),Value,,,5451.497143,,,,0,,,
1887,478889,224,SM_STATISTICS_UNIT0,,SDRAM,,640,EMIF 0:Wr:ISS,ThroughPut per Sampleing Period(bytes/Sample Window(4095 cycles)),Value,,,5473.017143,,,,0,,,
,478889,224,SM_STATISTICS_UNIT0,,SDRAM,,656,EMIF 1:Wr:ISS,ThroughPut per Sampleing Period(bytes/Sample Window(4095 cycles)),Value,,,5473.017143,,,,0,,,
1886,480776,224,SM_STATISTICS_UNIT0,,SDRAM,,640,EMIF 0:Wr:ISS,ThroughPut per Sampleing Period(bytes/Sample Window(4095 cycles)),Value,,,5494.582857,,,,0,,,
,480776,224,SM_STATISTICS_UNIT0,,SDRAM,,656,EMIF 1:Wr:ISS,ThroughPut per Sampleing Period(bytes/Sample Window(4095 cycles)),Value,,,5494.582857,,,,0,,,
74,482662,224,SM_STATISTICS_UNIT0,,SDRAM,,640,EMIF 0:Wr:ISS,ThroughPut per Sampleing Period(bytes/Sample Window(4095 cycles)),Value,,,5516.137143,,,,0,,,
,482662,224,SM_STATISTICS_UNIT0,,SDRAM,,640,EMIF 1:Wr:ISS,ThroughPut per Sampleing Period(bytes/Sample Window(4095 cycles)),Value,,,5516.137143,,,,0,,,
3695,482736,224,SM_STATISTICS_UNIT0,,SDRAM,,656,EMIF 0:Wr:ISS,ThroughPut per Sampleing Period(bytes/Sample Window(4095 cycles)),Value,,,5516.982857,,,,0,,,
