Time:long,Delta Time:ulong,Master ID:ubyte,Master Name:string,Channel Number:ubyte,Module:string,Domain:string,Class:string,Type:string,Data Message:string,Data:ulong,Trace Status:string,Receiver Status:string
8176677,4483,128,CPTracer,,CPT,MSMC_0,Bus Throughput(MBytes/s) = ThroughPutCounter0 / Sliding Time Window,Value,,116,,
8307337,4483,128,CPTracer,,CPT,MSMC_0,Bus Throughput(MBytes/s) = ThroughPutCounter0 / Sliding Time Window,Value,,97,,
8437997,4483,128,CPTracer,,CPT,MSMC_0,Bus Throughput(MBytes/s) = ThroughPutCounter0 / Sliding Time Window,Value,,122,,
8568657,4483,128,CPTracer,,CPT,MSMC_0,Bus Throughput(MBytes/s) = ThroughPutCounter0 / Sliding Time Window,Value,,122,,
8699317,4483,128,CPTracer,,CPT,MSMC_0,Bus Throughput(MBytes/s) = ThroughPutCounter0 / Sliding Time Window,Value,,97,,
8829977,4483,128,CPTracer,,CPT,MSMC_0,Bus Throughput(MBytes/s) = ThroughPutCounter0 / Sliding Time Window,Value,,122,,
8960637,4483,128,CPTracer,,CPT,MSMC_0,Bus Throughput(MBytes/s) = ThroughPutCounter0 / Sliding Time Window,Value,,118,,
9091297,4483,128,CPTracer,,CPT,MSMC_0,Bus Throughput(MBytes/s) = ThroughPutCounter0 / Sliding Time Window,Value,,97,,
9221957,4483,128,CPTracer,,CPT,MSMC_0,Bus Throughput(MBytes/s) = ThroughPutCounter0 / Sliding Time Window,Value,,111,,
9352617,4483,128,CPTracer,,CPT,MSMC_0,Bus Throughput(MBytes/s) = ThroughPutCounter0 / Sliding Time Window,Value,,97,,
9483277,4483,128,CPTracer,,CPT,MSMC_0,Bus Throughput(MBytes/s) = ThroughPutCounter0 / Sliding Time Window,Value,,104,,
9613937,4483,128,CPTracer,,CPT,MSMC_0,Bus Throughput(MBytes/s) = ThroughPutCounter0 / Sliding Time Window,Value,,97,,
9744597,4483,128,CPTracer,,CPT,MSMC_0,Bus Throughput(MBytes/s) = ThroughPutCounter0 / Sliding Time Window,Value,,114,,
9875257,4483,128,CPTracer,,CPT,MSMC_0,Bus Throughput(MBytes/s) = ThroughPutCounter0 / Sliding Time Window,Value,,122,,
10005917,4483,128,CPTracer,,CPT,MSMC_0,Bus Throughput(MBytes/s) = ThroughPutCounter0 / Sliding Time Window,Value,,97,,
10136577,4483,128,CPTracer,,CPT,MSMC_0,Bus Throughput(MBytes/s) = ThroughPutCounter0 / Sliding Time Window,Value,,122,,
10267237,4483,128,CPTracer,,CPT,MSMC_0,Bus Throughput(MBytes/s) = ThroughPutCounter0 / Sliding Time Window,Value,,122,,
10397897,4483,128,CPTracer,,CPT,MSMC_0,Bus Throughput(MBytes/s) = ThroughPutCounter0 / Sliding Time Window,Value,,97,,
10528557,4483,128,CPTracer,,CPT,MSMC_0,Bus Throughput(MBytes/s) = ThroughPutCounter0 / Sliding Time Window,Value,,122,,
10659217,4483,128,CPTracer,,CPT,MSMC_0,Bus Throughput(MBytes/s) = ThroughPutCounter0 / Sliding Time Window,Value,,105,,
10789877,4483,128,CPTracer,,CPT,MSMC_0,Bus Throughput(MBytes/s) = ThroughPutCounter0 / Sliding Time Window,Value,,97,,
10920537,4483,128,CPTracer,,CPT,MSMC_0,Bus Throughput(MBytes/s) = ThroughPutCounter0 / Sliding Time Window,Value,,99,,
11051197,4483,128,CPTracer,,CPT,MSMC_0,Bus Throughput(MBytes/s) = ThroughPutCounter0 / Sliding Time Window,Value,,102,,
11181857,4483,128,CPTracer,,CPT,MSMC_0,Bus Throughput(MBytes/s) = ThroughPutCounter0 / Sliding Time Window,Value,,116,,
11312517,4483,128,CPTracer,,CPT,MSMC_0,Bus Throughput(MBytes/s) = ThroughPutCounter0 / Sliding Time Window,Value,,97,,
11443177,4483,128,CPTracer,,CPT,MSMC_0,Bus Throughput(MBytes/s) = ThroughPutCounter0 / Sliding Time Window,Value,,122,,
11573837,4483,128,CPTracer,,CPT,MSMC_0,Bus Throughput(MBytes/s) = ThroughPutCounter0 / Sliding Time Window,Value,,122,,
11704497,4483,128,CPTracer,,CPT,MSMC_0,Bus Throughput(MBytes/s) = ThroughPutCounter0 / Sliding Time Window,Value,,97,,
11835157,4483,128,CPTracer,,CPT,MSMC_0,Bus Throughput(MBytes/s) = ThroughPutCounter0 / Sliding Time Window,Value,,122,,
11965817,4483,128,CPTracer,,CPT,MSMC_0,Bus Throughput(MBytes/s) = ThroughPutCounter0 / Sliding Time Window,Value,,117,,
12096477,4483,128,CPTracer,,CPT,MSMC_0,Bus Throughput(MBytes/s) = ThroughPutCounter0 / Sliding Time Window,Value,,97,,
12227137,4483,128,CPTracer,,CPT,MSMC_0,Bus Throughput(MBytes/s) = ThroughPutCounter0 / Sliding Time Window,Value,,110,,
12357797,4483,128,CPTracer,,CPT,MSMC_0,Bus Throughput(MBytes/s) = ThroughPutCounter0 / Sliding Time Window,Value,,97,,
12488457,4483,128,CPTracer,,CPT,MSMC_0,Bus Throughput(MBytes/s) = ThroughPutCounter0 / Sliding Time Window,Value,,104,,
12619117,4483,128,CPTracer,,CPT,MSMC_0,Bus Throughput(MBytes/s) = ThroughPutCounter0 / Sliding Time Window,Value,,97,,
12749777,4483,128,CPTracer,,CPT,MSMC_0,Bus Throughput(MBytes/s) = ThroughPutCounter0 / Sliding Time Window,Value,,114,,
12880437,4483,128,CPTracer,,CPT,MSMC_0,Bus Throughput(MBytes/s) = ThroughPutCounter0 / Sliding Time Window,Value,,122,,
13011097,4483,128,CPTracer,,CPT,MSMC_0,Bus Throughput(MBytes/s) = ThroughPutCounter0 / Sliding Time Window,Value,,97,,
13141757,4483,128,CPTracer,,CPT,MSMC_0,Bus Throughput(MBytes/s) = ThroughPutCounter0 / Sliding Time Window,Value,,122,,
13272417,4483,128,CPTracer,,CPT,MSMC_0,Bus Throughput(MBytes/s) = ThroughPutCounter0 / Sliding Time Window,Value,,122,,
13403077,4483,128,CPTracer,,CPT,MSMC_0,Bus Throughput(MBytes/s) = ThroughPutCounter0 / Sliding Time Window,Value,,97,,
13533737,4483,128,CPTracer,,CPT,MSMC_0,Bus Throughput(MBytes/s) = ThroughPutCounter0 / Sliding Time Window,Value,,122,,
13664397,4483,128,CPTracer,,CPT,MSMC_0,Bus Throughput(MBytes/s) = ThroughPutCounter0 / Sliding Time Window,Value,,105,,
13795057,4483,128,CPTracer,,CPT,MSMC_0,Bus Throughput(MBytes/s) = ThroughPutCounter0 / Sliding Time Window,Value,,97,,
13925717,4483,128,CPTracer,,CPT,MSMC_0,Bus Throughput(MBytes/s) = ThroughPutCounter0 / Sliding Time Window,Value,,98,,
14056377,4483,128,CPTracer,,CPT,MSMC_0,Bus Throughput(MBytes/s) = ThroughPutCounter0 / Sliding Time Window,Value,,103,,
8263830,5124,128,CPTracer,,CPT,MSMC_0,Bus Throughput(MBytes/s) = ThroughPutCounter0 / Sliding Time Window,Value,,122,,
8394490,5124,128,CPTracer,,CPT,MSMC_0,Bus Throughput(MBytes/s) = ThroughPutCounter0 / Sliding Time Window,Value,,121,,
8525150,5124,128,CPTracer,,CPT,MSMC_0,Bus Throughput(MBytes/s) = ThroughPutCounter0 / Sliding Time Window,Value,,97,,
8655810,5124,128,CPTracer,,CPT,MSMC_0,Bus Throughput(MBytes/s) = ThroughPutCounter0 / Sliding Time Window,Value,,114,,
8786470,5124,128,CPTracer,,CPT,MSMC_0,Bus Throughput(MBytes/s) = ThroughPutCounter0 / Sliding Time Window,Value,,97,,
8917130,5124,128,CPTracer,,CPT,MSMC_0,Bus Throughput(MBytes/s) = ThroughPutCounter0 / Sliding Time Window,Value,,101,,
9047790,5124,128,CPTracer,,CPT,MSMC_0,Bus Throughput(MBytes/s) = ThroughPutCounter0 / Sliding Time Window,Value,,97,,
9178450,5124,128,CPTracer,,CPT,MSMC_0,Bus Throughput(MBytes/s) = ThroughPutCounter0 / Sliding Time Window,Value,,108,,
9309110,5124,128,CPTracer,,CPT,MSMC_0,Bus Throughput(MBytes/s) = ThroughPutCounter0 / Sliding Time Window,Value,,122,,
9439770,5124,128,CPTracer,,CPT,MSMC_0,Bus Throughput(MBytes/s) = ThroughPutCounter0 / Sliding Time Window,Value,,97,,
9570430,5124,128,CPTracer,,CPT,MSMC_0,Bus Throughput(MBytes/s) = ThroughPutCounter0 / Sliding Time Window,Value,,122,,
9701090,5124,128,CPTracer,,CPT,MSMC_0,Bus Throughput(MBytes/s) = ThroughPutCounter0 / Sliding Time Window,Value,,122,,
9831750,5124,128,CPTracer,,CPT,MSMC_0,Bus Throughput(MBytes/s) = ThroughPutCounter0 / Sliding Time Window,Value,,97,,
9962410,5124,128,CPTracer,,CPT,MSMC_0,Bus Throughput(MBytes/s) = ThroughPutCounter0 / Sliding Time Window,Value,,122,,
10093070,5124,128,CPTracer,,CPT,MSMC_0,Bus Throughput(MBytes/s) = ThroughPutCounter0 / Sliding Time Window,Value,,109,,
10223730,5124,128,CPTracer,,CPT,MSMC_0,Bus Throughput(MBytes/s) = ThroughPutCounter0 / Sliding Time Window,Value,,97,,
10354390,5124,128,CPTracer,,CPT,MSMC_0,Bus Throughput(MBytes/s) = ThroughPutCounter0 / Sliding Time Window,Value,,102,,
10485050,5124,128,CPTracer,,CPT,MSMC_0,Bus Throughput(MBytes/s) = ThroughPutCounter0 / Sliding Time Window,Value,,97,,
10615710,5124,128,CPTracer,,CPT,MSMC_0,Bus Throughput(MBytes/s) = ThroughPutCounter0 / Sliding Time Window,Value,,113,,
10746370,5124,128,CPTracer,,CPT,MSMC_0,Bus Throughput(MBytes/s) = ThroughPutCounter0 / Sliding Time Window,Value,,97,,
10877030,5124,128,CPTracer,,CPT,MSMC_0,Bus Throughput(MBytes/s) = ThroughPutCounter0 / Sliding Time Window,Value,,120,,
11007690,5124,128,CPTracer,,CPT,MSMC_0,Bus Throughput(MBytes/s) = ThroughPutCounter0 / Sliding Time Window,Value,,122,,
11138350,5124,128,CPTracer,,CPT,MSMC_0,Bus Throughput(MBytes/s) = ThroughPutCounter0 / Sliding Time Window,Value,,97,,
11269010,5124,128,CPTracer,,CPT,MSMC_0,Bus Throughput(MBytes/s) = ThroughPutCounter0 / Sliding Time Window,Value,,122,,
11399670,5124,128,CPTracer,,CPT,MSMC_0,Bus Throughput(MBytes/s) = ThroughPutCounter0 / Sliding Time Window,Value,,121,,
11530330,5124,128,CPTracer,,CPT,MSMC_0,Bus Throughput(MBytes/s) = ThroughPutCounter0 / Sliding Time Window,Value,,97,,
11660990,5124,128,CPTracer,,CPT,MSMC_0,Bus Throughput(MBytes/s) = ThroughPutCounter0 / Sliding Time Window,Value,,114,,
11791650,5124,128,CPTracer,,CPT,MSMC_0,Bus Throughput(MBytes/s) = ThroughPutCounter0 / Sliding Time Window,Value,,97,,
11922310,5124,128,CPTracer,,CPT,MSMC_0,Bus Throughput(MBytes/s) = ThroughPutCounter0 / Sliding Time Window,Value,,101,,
12052970,5124,128,CPTracer,,CPT,MSMC_0,Bus Throughput(MBytes/s) = ThroughPutCounter0 / Sliding Time Window,Value,,97,,
12183630,5124,128,CPTracer,,CPT,MSMC_0,Bus Throughput(MBytes/s) = ThroughPutCounter0 / Sliding Time Window,Value,,108,,
12314290,5124,128,CPTracer,,CPT,MSMC_0,Bus Throughput(MBytes/s) = ThroughPutCounter0 / Sliding Time Window,Value,,122,,
12444950,5124,128,CPTracer,,CPT,MSMC_0,Bus Throughput(MBytes/s) = ThroughPutCounter0 / Sliding Time Window,Value,,97,,
12575610,5124,128,CPTracer,,CPT,MSMC_0,Bus Throughput(MBytes/s) = ThroughPutCounter0 / Sliding Time Window,Value,,122,,
12706270,5124,128,CPTracer,,CPT,MSMC_0,Bus Throughput(MBytes/s) = ThroughPutCounter0 / Sliding Time Window,Value,,122,,
12836930,5124,128,CPTracer,,CPT,MSMC_0,Bus Throughput(MBytes/s) = ThroughPutCounter0 / Sliding Time Window,Value,,97,,
12967590,5124,128,CPTracer,,CPT,MSMC_0,Bus Throughput(MBytes/s) = ThroughPutCounter0 / Sliding Time Window,Value,,122,,
13098250,5124,128,CPTracer,,CPT,MSMC_0,Bus Throughput(MBytes/s) = ThroughPutCounter0 / Sliding Time Window,Value,,108,,
13228910,5124,128,CPTracer,,CPT,MSMC_0,Bus Throughput(MBytes/s) = ThroughPutCounter0 / Sliding Time Window,Value,,97,,
13359570,5124,128,CPTracer,,CPT,MSMC_0,Bus Throughput(MBytes/s) = ThroughPutCounter0 / Sliding Time Window,Value,,101,,
13490230,5124,128,CPTracer,,CPT,MSMC_0,Bus Throughput(MBytes/s) = ThroughPutCounter0 / Sliding Time Window,Value,,97,,
13620890,5124,128,CPTracer,,CPT,MSMC_0,Bus Throughput(MBytes/s) = ThroughPutCounter0 / Sliding Time Window,Value,,114,,
13751550,5124,128,CPTracer,,CPT,MSMC_0,Bus Throughput(MBytes/s) = ThroughPutCounter0 / Sliding Time Window,Value,,97,,
13882210,5124,128,CPTracer,,CPT,MSMC_0,Bus Throughput(MBytes/s) = ThroughPutCounter0 / Sliding Time Window,Value,,121,,
14012870,5124,128,CPTracer,,CPT,MSMC_0,Bus Throughput(MBytes/s) = ThroughPutCounter0 / Sliding Time Window,Value,,122,,
8220241,6979,128,CPTracer,,CPT,MSMC_0,Bus Throughput(MBytes/s) = ThroughPutCounter0 / Sliding Time Window,Value,,103,,
8350901,6979,128,CPTracer,,CPT,MSMC_0,Bus Throughput(MBytes/s) = ThroughPutCounter0 / Sliding Time Window,Value,,98,,
8481561,6979,128,CPTracer,,CPT,MSMC_0,Bus Throughput(MBytes/s) = ThroughPutCounter0 / Sliding Time Window,Value,,97,,
8612221,6979,128,CPTracer,,CPT,MSMC_0,Bus Throughput(MBytes/s) = ThroughPutCounter0 / Sliding Time Window,Value,,105,,
8742881,6979,128,CPTracer,,CPT,MSMC_0,Bus Throughput(MBytes/s) = ThroughPutCounter0 / Sliding Time Window,Value,,122,,
8873541,6979,128,CPTracer,,CPT,MSMC_0,Bus Throughput(MBytes/s) = ThroughPutCounter0 / Sliding Time Window,Value,,97,,
9004201,6979,128,CPTracer,,CPT,MSMC_0,Bus Throughput(MBytes/s) = ThroughPutCounter0 / Sliding Time Window,Value,,122,,
9134861,6979,128,CPTracer,,CPT,MSMC_0,Bus Throughput(MBytes/s) = ThroughPutCounter0 / Sliding Time Window,Value,,122,,
9265521,6979,128,CPTracer,,CPT,MSMC_0,Bus Throughput(MBytes/s) = ThroughPutCounter0 / Sliding Time Window,Value,,97,,
9396181,6979,128,CPTracer,,CPT,MSMC_0,Bus Throughput(MBytes/s) = ThroughPutCounter0 / Sliding Time Window,Value,,122,,
9526841,6979,128,CPTracer,,CPT,MSMC_0,Bus Throughput(MBytes/s) = ThroughPutCounter0 / Sliding Time Window,Value,,114,,
9657501,6979,128,CPTracer,,CPT,MSMC_0,Bus Throughput(MBytes/s) = ThroughPutCounter0 / Sliding Time Window,Value,,97,,
9788161,6979,128,CPTracer,,CPT,MSMC_0,Bus Throughput(MBytes/s) = ThroughPutCounter0 / Sliding Time Window,Value,,105,,
9918821,6979,128,CPTracer,,CPT,MSMC_0,Bus Throughput(MBytes/s) = ThroughPutCounter0 / Sliding Time Window,Value,,97,,
10049481,6979,128,CPTracer,,CPT,MSMC_0,Bus Throughput(MBytes/s) = ThroughPutCounter0 / Sliding Time Window,Value,,110,,
10180141,6979,128,CPTracer,,CPT,MSMC_0,Bus Throughput(MBytes/s) = ThroughPutCounter0 / Sliding Time Window,Value,,97,,
10310801,6979,128,CPTracer,,CPT,MSMC_0,Bus Throughput(MBytes/s) = ThroughPutCounter0 / Sliding Time Window,Value,,117,,
10441461,6979,128,CPTracer,,CPT,MSMC_0,Bus Throughput(MBytes/s) = ThroughPutCounter0 / Sliding Time Window,Value,,122,,
10572121,6979,128,CPTracer,,CPT,MSMC_0,Bus Throughput(MBytes/s) = ThroughPutCounter0 / Sliding Time Window,Value,,97,,
10702781,6979,128,CPTracer,,CPT,MSMC_0,Bus Throughput(MBytes/s) = ThroughPutCounter0 / Sliding Time Window,Value,,122,,
10833441,6979,128,CPTracer,,CPT,MSMC_0,Bus Throughput(MBytes/s) = ThroughPutCounter0 / Sliding Time Window,Value,,122,,
10964101,6979,128,CPTracer,,CPT,MSMC_0,Bus Throughput(MBytes/s) = ThroughPutCounter0 / Sliding Time Window,Value,,97,,
11094761,6979,128,CPTracer,,CPT,MSMC_0,Bus Throughput(MBytes/s) = ThroughPutCounter0 / Sliding Time Window,Value,,117,,
11225421,6979,128,CPTracer,,CPT,MSMC_0,Bus Throughput(MBytes/s) = ThroughPutCounter0 / Sliding Time Window,Value,,102,,
11356081,6979,128,CPTracer,,CPT,MSMC_0,Bus Throughput(MBytes/s) = ThroughPutCounter0 / Sliding Time Window,Value,,98,,
11486741,6979,128,CPTracer,,CPT,MSMC_0,Bus Throughput(MBytes/s) = ThroughPutCounter0 / Sliding Time Window,Value,,97,,
11617401,6979,128,CPTracer,,CPT,MSMC_0,Bus Throughput(MBytes/s) = ThroughPutCounter0 / Sliding Time Window,Value,,105,,
11748061,6979,128,CPTracer,,CPT,MSMC_0,Bus Throughput(MBytes/s) = ThroughPutCounter0 / Sliding Time Window,Value,,122,,
11878721,6979,128,CPTracer,,CPT,MSMC_0,Bus Throughput(MBytes/s) = ThroughPutCounter0 / Sliding Time Window,Value,,97,,
12009381,6979,128,CPTracer,,CPT,MSMC_0,Bus Throughput(MBytes/s) = ThroughPutCounter0 / Sliding Time Window,Value,,122,,
12140041,6979,128,CPTracer,,CPT,MSMC_0,Bus Throughput(MBytes/s) = ThroughPutCounter0 / Sliding Time Window,Value,,122,,
12270701,6979,128,CPTracer,,CPT,MSMC_0,Bus Throughput(MBytes/s) = ThroughPutCounter0 / Sliding Time Window,Value,,97,,
12401361,6979,128,CPTracer,,CPT,MSMC_0,Bus Throughput(MBytes/s) = ThroughPutCounter0 / Sliding Time Window,Value,,122,,
12532021,6979,128,CPTracer,,CPT,MSMC_0,Bus Throughput(MBytes/s) = ThroughPutCounter0 / Sliding Time Window,Value,,114,,
12662681,6979,128,CPTracer,,CPT,MSMC_0,Bus Throughput(MBytes/s) = ThroughPutCounter0 / Sliding Time Window,Value,,97,,
12793341,6979,128,CPTracer,,CPT,MSMC_0,Bus Throughput(MBytes/s) = ThroughPutCounter0 / Sliding Time Window,Value,,104,,
12924001,6979,128,CPTracer,,CPT,MSMC_0,Bus Throughput(MBytes/s) = ThroughPutCounter0 / Sliding Time Window,Value,,97,,
13054661,6979,128,CPTracer,,CPT,MSMC_0,Bus Throughput(MBytes/s) = ThroughPutCounter0 / Sliding Time Window,Value,,110,,
13185321,6979,128,CPTracer,,CPT,MSMC_0,Bus Throughput(MBytes/s) = ThroughPutCounter0 / Sliding Time Window,Value,,97,,
13315981,6979,128,CPTracer,,CPT,MSMC_0,Bus Throughput(MBytes/s) = ThroughPutCounter0 / Sliding Time Window,Value,,117,,
13446641,6979,128,CPTracer,,CPT,MSMC_0,Bus Throughput(MBytes/s) = ThroughPutCounter0 / Sliding Time Window,Value,,122,,
13577301,6979,128,CPTracer,,CPT,MSMC_0,Bus Throughput(MBytes/s) = ThroughPutCounter0 / Sliding Time Window,Value,,97,,
13707961,6979,128,CPTracer,,CPT,MSMC_0,Bus Throughput(MBytes/s) = ThroughPutCounter0 / Sliding Time Window,Value,,122,,
13838621,6979,128,CPTracer,,CPT,MSMC_0,Bus Throughput(MBytes/s) = ThroughPutCounter0 / Sliding Time Window,Value,,122,,
13969281,6979,128,CPTracer,,CPT,MSMC_0,Bus Throughput(MBytes/s) = ThroughPutCounter0 / Sliding Time Window,Value,,97,,
14099941,6979,128,CPTracer,,CPT,MSMC_0,Bus Throughput(MBytes/s) = ThroughPutCounter0 / Sliding Time Window,Value,,116,,
14180071,20227,128,CPTracer,,CPT,MSMC_0,Bus Throughput(MBytes/s) = ThroughPutCounter0 / Sliding Time Window,Value,,48,,
14310731,20227,128,CPTracer,,CPT,MSMC_0,Bus Throughput(MBytes/s) = ThroughPutCounter0 / Sliding Time Window,Value,,48,,
14441391,20227,128,CPTracer,,CPT,MSMC_0,Bus Throughput(MBytes/s) = ThroughPutCounter0 / Sliding Time Window,Value,,55,,
14572051,20227,128,CPTracer,,CPT,MSMC_0,Bus Throughput(MBytes/s) = ThroughPutCounter0 / Sliding Time Window,Value,,48,,
14702711,20227,128,CPTracer,,CPT,MSMC_0,Bus Throughput(MBytes/s) = ThroughPutCounter0 / Sliding Time Window,Value,,48,,
14833371,20227,128,CPTracer,,CPT,MSMC_0,Bus Throughput(MBytes/s) = ThroughPutCounter0 / Sliding Time Window,Value,,73,,
14964031,20227,128,CPTracer,,CPT,MSMC_0,Bus Throughput(MBytes/s) = ThroughPutCounter0 / Sliding Time Window,Value,,48,,
15094691,20227,128,CPTracer,,CPT,MSMC_0,Bus Throughput(MBytes/s) = ThroughPutCounter0 / Sliding Time Window,Value,,48,,
15225351,20227,128,CPTracer,,CPT,MSMC_0,Bus Throughput(MBytes/s) = ThroughPutCounter0 / Sliding Time Window,Value,,73,,
15356011,20227,128,CPTracer,,CPT,MSMC_0,Bus Throughput(MBytes/s) = ThroughPutCounter0 / Sliding Time Window,Value,,48,,
15486671,20227,128,CPTracer,,CPT,MSMC_0,Bus Throughput(MBytes/s) = ThroughPutCounter0 / Sliding Time Window,Value,,48,,
15617331,20227,128,CPTracer,,CPT,MSMC_0,Bus Throughput(MBytes/s) = ThroughPutCounter0 / Sliding Time Window,Value,,60,,
15747991,20227,128,CPTracer,,CPT,MSMC_0,Bus Throughput(MBytes/s) = ThroughPutCounter0 / Sliding Time Window,Value,,48,,
15878651,20227,128,CPTracer,,CPT,MSMC_0,Bus Throughput(MBytes/s) = ThroughPutCounter0 / Sliding Time Window,Value,,48,,
16009311,20227,128,CPTracer,,CPT,MSMC_0,Bus Throughput(MBytes/s) = ThroughPutCounter0 / Sliding Time Window,Value,,48,,
16139971,20227,128,CPTracer,,CPT,MSMC_0,Bus Throughput(MBytes/s) = ThroughPutCounter0 / Sliding Time Window,Value,,64,,
16270631,20227,128,CPTracer,,CPT,MSMC_0,Bus Throughput(MBytes/s) = ThroughPutCounter0 / Sliding Time Window,Value,,48,,
8176677,,128,CPTracer,,CPT,MSMC_0,Bus Throughput(MBytes/s) = ThroughPutCounter1 / Sliding Time Window,Value,,116,,
8176677,,128,CPTracer,,CPT,MSMC_0,Bus Utilization(Mil Transactions/s) = Num Access Granted / Sliding Time Window,Value,,3,,
8176677,,128,CPTracer,,CPT,MSMC_0,Bus Contention(%) = Accumulated wait time / Sliding Time Window,Value,,1,,
8176677,,128,CPTracer,,CPT,MSMC_0,Min. Average Latency (cycles / transaction) = Accumulated wait time / Num Access Granted,Value,,2,,
8176677,,128,CPTracer,,CPT,MSMC_0,Throughput Counter0,Value,,15264,,
8176677,,128,CPTracer,,CPT,MSMC_0,Throughput Counter1,Value,,15264,,
8176677,,128,CPTracer,,CPT,MSMC_0,Total Wait Time Counter,Value,,956,,
8176677,,128,CPTracer,,CPT,MSMC_0,Total Granted Counter,Value,,477,,
8220241,,128,CPTracer,,CPT,MSMC_0,Bus Throughput(MBytes/s) = ThroughPutCounter1 / Sliding Time Window,Value,,103,,
8220241,,128,CPTracer,,CPT,MSMC_0,Bus Utilization(Mil Transactions/s) = Num Access Granted / Sliding Time Window,Value,,3,,
8220241,,128,CPTracer,,CPT,MSMC_0,Bus Contention(%) = Accumulated wait time / Sliding Time Window,Value,,1,,
8220241,,128,CPTracer,,CPT,MSMC_0,Min. Average Latency (cycles / transaction) = Accumulated wait time / Num Access Granted,Value,,2,,
8220241,,128,CPTracer,,CPT,MSMC_0,Throughput Counter0,Value,,13536,,
8220241,,128,CPTracer,,CPT,MSMC_0,Throughput Counter1,Value,,13536,,
8220241,,128,CPTracer,,CPT,MSMC_0,Total Wait Time Counter,Value,,846,,
8220241,,128,CPTracer,,CPT,MSMC_0,Total Granted Counter,Value,,423,,
8263830,,128,CPTracer,,CPT,MSMC_0,Bus Throughput(MBytes/s) = ThroughPutCounter1 / Sliding Time Window,Value,,122,,
8263830,,128,CPTracer,,CPT,MSMC_0,Bus Utilization(Mil Transactions/s) = Num Access Granted / Sliding Time Window,Value,,3,,
8263830,,128,CPTracer,,CPT,MSMC_0,Bus Contention(%) = Accumulated wait time / Sliding Time Window,Value,,1,,
8263830,,128,CPTracer,,CPT,MSMC_0,Min. Average Latency (cycles / transaction) = Accumulated wait time / Num Access Granted,Value,,2,,
8263830,,128,CPTracer,,CPT,MSMC_0,Throughput Counter0,Value,,16000,,
8263830,,128,CPTracer,,CPT,MSMC_0,Throughput Counter1,Value,,16000,,
8263830,,128,CPTracer,,CPT,MSMC_0,Total Wait Time Counter,Value,,1005,,
8263830,,128,CPTracer,,CPT,MSMC_0,Total Granted Counter,Value,,500,,
8307337,,128,CPTracer,,CPT,MSMC_0,Bus Throughput(MBytes/s) = ThroughPutCounter1 / Sliding Time Window,Value,,97,,
8307337,,128,CPTracer,,CPT,MSMC_0,Bus Utilization(Mil Transactions/s) = Num Access Granted / Sliding Time Window,Value,,3,,
8307337,,128,CPTracer,,CPT,MSMC_0,Bus Contention(%) = Accumulated wait time / Sliding Time Window,Value,,1,,
8307337,,128,CPTracer,,CPT,MSMC_0,Min. Average Latency (cycles / transaction) = Accumulated wait time / Num Access Granted,Value,,2,,
8307337,,128,CPTracer,,CPT,MSMC_0,Throughput Counter0,Value,,12800,,
8307337,,128,CPTracer,,CPT,MSMC_0,Throughput Counter1,Value,,12800,,
8307337,,128,CPTracer,,CPT,MSMC_0,Total Wait Time Counter,Value,,805,,
8307337,,128,CPTracer,,CPT,MSMC_0,Total Granted Counter,Value,,400,,
8350901,,128,CPTracer,,CPT,MSMC_0,Bus Throughput(MBytes/s) = ThroughPutCounter1 / Sliding Time Window,Value,,98,,
8350901,,128,CPTracer,,CPT,MSMC_0,Bus Utilization(Mil Transactions/s) = Num Access Granted / Sliding Time Window,Value,,3,,
8350901,,128,CPTracer,,CPT,MSMC_0,Bus Contention(%) = Accumulated wait time / Sliding Time Window,Value,,1,,
8350901,,128,CPTracer,,CPT,MSMC_0,Min. Average Latency (cycles / transaction) = Accumulated wait time / Num Access Granted,Value,,2,,
8350901,,128,CPTracer,,CPT,MSMC_0,Throughput Counter0,Value,,12896,,
8350901,,128,CPTracer,,CPT,MSMC_0,Throughput Counter1,Value,,12896,,
8350901,,128,CPTracer,,CPT,MSMC_0,Total Wait Time Counter,Value,,811,,
8350901,,128,CPTracer,,CPT,MSMC_0,Total Granted Counter,Value,,403,,
8394490,,128,CPTracer,,CPT,MSMC_0,Bus Throughput(MBytes/s) = ThroughPutCounter1 / Sliding Time Window,Value,,121,,
8394490,,128,CPTracer,,CPT,MSMC_0,Bus Utilization(Mil Transactions/s) = Num Access Granted / Sliding Time Window,Value,,3,,
8394490,,128,CPTracer,,CPT,MSMC_0,Bus Contention(%) = Accumulated wait time / Sliding Time Window,Value,,1,,
8394490,,128,CPTracer,,CPT,MSMC_0,Min. Average Latency (cycles / transaction) = Accumulated wait time / Num Access Granted,Value,,2,,
8394490,,128,CPTracer,,CPT,MSMC_0,Throughput Counter0,Value,,15904,,
8394490,,128,CPTracer,,CPT,MSMC_0,Throughput Counter1,Value,,15904,,
8394490,,128,CPTracer,,CPT,MSMC_0,Total Wait Time Counter,Value,,999,,
8394490,,128,CPTracer,,CPT,MSMC_0,Total Granted Counter,Value,,497,,
8437997,,128,CPTracer,,CPT,MSMC_0,Bus Throughput(MBytes/s) = ThroughPutCounter1 / Sliding Time Window,Value,,122,,
8437997,,128,CPTracer,,CPT,MSMC_0,Bus Utilization(Mil Transactions/s) = Num Access Granted / Sliding Time Window,Value,,3,,
8437997,,128,CPTracer,,CPT,MSMC_0,Bus Contention(%) = Accumulated wait time / Sliding Time Window,Value,,1,,
8437997,,128,CPTracer,,CPT,MSMC_0,Min. Average Latency (cycles / transaction) = Accumulated wait time / Num Access Granted,Value,,2,,
8437997,,128,CPTracer,,CPT,MSMC_0,Throughput Counter0,Value,,16000,,
8437997,,128,CPTracer,,CPT,MSMC_0,Throughput Counter1,Value,,16000,,
8437997,,128,CPTracer,,CPT,MSMC_0,Total Wait Time Counter,Value,,1008,,
8437997,,128,CPTracer,,CPT,MSMC_0,Total Granted Counter,Value,,500,,
8481561,,128,CPTracer,,CPT,MSMC_0,Bus Throughput(MBytes/s) = ThroughPutCounter1 / Sliding Time Window,Value,,97,,
8481561,,128,CPTracer,,CPT,MSMC_0,Bus Utilization(Mil Transactions/s) = Num Access Granted / Sliding Time Window,Value,,3,,
8481561,,128,CPTracer,,CPT,MSMC_0,Bus Contention(%) = Accumulated wait time / Sliding Time Window,Value,,1,,
8481561,,128,CPTracer,,CPT,MSMC_0,Min. Average Latency (cycles / transaction) = Accumulated wait time / Num Access Granted,Value,,2,,
8481561,,128,CPTracer,,CPT,MSMC_0,Throughput Counter0,Value,,12800,,
8481561,,128,CPTracer,,CPT,MSMC_0,Throughput Counter1,Value,,12800,,
8481561,,128,CPTracer,,CPT,MSMC_0,Total Wait Time Counter,Value,,811,,
8481561,,128,CPTracer,,CPT,MSMC_0,Total Granted Counter,Value,,400,,
8525150,,128,CPTracer,,CPT,MSMC_0,Bus Throughput(MBytes/s) = ThroughPutCounter1 / Sliding Time Window,Value,,97,,
8525150,,128,CPTracer,,CPT,MSMC_0,Bus Utilization(Mil Transactions/s) = Num Access Granted / Sliding Time Window,Value,,3,,
8525150,,128,CPTracer,,CPT,MSMC_0,Bus Contention(%) = Accumulated wait time / Sliding Time Window,Value,,1,,
8525150,,128,CPTracer,,CPT,MSMC_0,Min. Average Latency (cycles / transaction) = Accumulated wait time / Num Access Granted,Value,,2,,
8525150,,128,CPTracer,,CPT,MSMC_0,Throughput Counter0,Value,,12800,,
8525150,,128,CPTracer,,CPT,MSMC_0,Throughput Counter1,Value,,12800,,
8525150,,128,CPTracer,,CPT,MSMC_0,Total Wait Time Counter,Value,,800,,
8525150,,128,CPTracer,,CPT,MSMC_0,Total Granted Counter,Value,,400,,
8568657,,128,CPTracer,,CPT,MSMC_0,Bus Throughput(MBytes/s) = ThroughPutCounter1 / Sliding Time Window,Value,,122,,
8568657,,128,CPTracer,,CPT,MSMC_0,Bus Utilization(Mil Transactions/s) = Num Access Granted / Sliding Time Window,Value,,3,,
8568657,,128,CPTracer,,CPT,MSMC_0,Bus Contention(%) = Accumulated wait time / Sliding Time Window,Value,,1,,
8568657,,128,CPTracer,,CPT,MSMC_0,Min. Average Latency (cycles / transaction) = Accumulated wait time / Num Access Granted,Value,,2,,
8568657,,128,CPTracer,,CPT,MSMC_0,Throughput Counter0,Value,,16000,,
8568657,,128,CPTracer,,CPT,MSMC_0,Throughput Counter1,Value,,16000,,
8568657,,128,CPTracer,,CPT,MSMC_0,Total Wait Time Counter,Value,,1000,,
8568657,,128,CPTracer,,CPT,MSMC_0,Total Granted Counter,Value,,500,,
8612221,,128,CPTracer,,CPT,MSMC_0,Bus Throughput(MBytes/s) = ThroughPutCounter1 / Sliding Time Window,Value,,105,,
8612221,,128,CPTracer,,CPT,MSMC_0,Bus Utilization(Mil Transactions/s) = Num Access Granted / Sliding Time Window,Value,,3,,
8612221,,128,CPTracer,,CPT,MSMC_0,Bus Contention(%) = Accumulated wait time / Sliding Time Window,Value,,1,,
8612221,,128,CPTracer,,CPT,MSMC_0,Min. Average Latency (cycles / transaction) = Accumulated wait time / Num Access Granted,Value,,2,,
8612221,,128,CPTracer,,CPT,MSMC_0,Throughput Counter0,Value,,13792,,
8612221,,128,CPTracer,,CPT,MSMC_0,Throughput Counter1,Value,,13792,,
8612221,,128,CPTracer,,CPT,MSMC_0,Total Wait Time Counter,Value,,862,,
8612221,,128,CPTracer,,CPT,MSMC_0,Total Granted Counter,Value,,431,,
8655810,,128,CPTracer,,CPT,MSMC_0,Bus Throughput(MBytes/s) = ThroughPutCounter1 / Sliding Time Window,Value,,114,,
8655810,,128,CPTracer,,CPT,MSMC_0,Bus Utilization(Mil Transactions/s) = Num Access Granted / Sliding Time Window,Value,,3,,
8655810,,128,CPTracer,,CPT,MSMC_0,Bus Contention(%) = Accumulated wait time / Sliding Time Window,Value,,1,,
8655810,,128,CPTracer,,CPT,MSMC_0,Min. Average Latency (cycles / transaction) = Accumulated wait time / Num Access Granted,Value,,2,,
8655810,,128,CPTracer,,CPT,MSMC_0,Throughput Counter0,Value,,15008,,
8655810,,128,CPTracer,,CPT,MSMC_0,Throughput Counter1,Value,,15008,,
8655810,,128,CPTracer,,CPT,MSMC_0,Total Wait Time Counter,Value,,938,,
8655810,,128,CPTracer,,CPT,MSMC_0,Total Granted Counter,Value,,469,,
8699317,,128,CPTracer,,CPT,MSMC_0,Bus Throughput(MBytes/s) = ThroughPutCounter1 / Sliding Time Window,Value,,97,,
8699317,,128,CPTracer,,CPT,MSMC_0,Bus Utilization(Mil Transactions/s) = Num Access Granted / Sliding Time Window,Value,,3,,
8699317,,128,CPTracer,,CPT,MSMC_0,Bus Contention(%) = Accumulated wait time / Sliding Time Window,Value,,1,,
8699317,,128,CPTracer,,CPT,MSMC_0,Min. Average Latency (cycles / transaction) = Accumulated wait time / Num Access Granted,Value,,2,,
8699317,,128,CPTracer,,CPT,MSMC_0,Throughput Counter0,Value,,12800,,
8699317,,128,CPTracer,,CPT,MSMC_0,Throughput Counter1,Value,,12800,,
8699317,,128,CPTracer,,CPT,MSMC_0,Total Wait Time Counter,Value,,800,,
8699317,,128,CPTracer,,CPT,MSMC_0,Total Granted Counter,Value,,400,,
8742881,,128,CPTracer,,CPT,MSMC_0,Bus Throughput(MBytes/s) = ThroughPutCounter1 / Sliding Time Window,Value,,122,,
8742881,,128,CPTracer,,CPT,MSMC_0,Bus Utilization(Mil Transactions/s) = Num Access Granted / Sliding Time Window,Value,,3,,
8742881,,128,CPTracer,,CPT,MSMC_0,Bus Contention(%) = Accumulated wait time / Sliding Time Window,Value,,1,,
8742881,,128,CPTracer,,CPT,MSMC_0,Min. Average Latency (cycles / transaction) = Accumulated wait time / Num Access Granted,Value,,2,,
8742881,,128,CPTracer,,CPT,MSMC_0,Throughput Counter0,Value,,16000,,
8742881,,128,CPTracer,,CPT,MSMC_0,Throughput Counter1,Value,,16000,,
8742881,,128,CPTracer,,CPT,MSMC_0,Total Wait Time Counter,Value,,1000,,
8742881,,128,CPTracer,,CPT,MSMC_0,Total Granted Counter,Value,,500,,
8786470,,128,CPTracer,,CPT,MSMC_0,Bus Throughput(MBytes/s) = ThroughPutCounter1 / Sliding Time Window,Value,,97,,
8786470,,128,CPTracer,,CPT,MSMC_0,Bus Utilization(Mil Transactions/s) = Num Access Granted / Sliding Time Window,Value,,3,,
8786470,,128,CPTracer,,CPT,MSMC_0,Bus Contention(%) = Accumulated wait time / Sliding Time Window,Value,,1,,
8786470,,128,CPTracer,,CPT,MSMC_0,Min. Average Latency (cycles / transaction) = Accumulated wait time / Num Access Granted,Value,,2,,
8786470,,128,CPTracer,,CPT,MSMC_0,Throughput Counter0,Value,,12800,,
8786470,,128,CPTracer,,CPT,MSMC_0,Throughput Counter1,Value,,12800,,
8786470,,128,CPTracer,,CPT,MSMC_0,Total Wait Time Counter,Value,,800,,
8786470,,128,CPTracer,,CPT,MSMC_0,Total Granted Counter,Value,,400,,
8829977,,128,CPTracer,,CPT,MSMC_0,Bus Throughput(MBytes/s) = ThroughPutCounter1 / Sliding Time Window,Value,,122,,
8829977,,128,CPTracer,,CPT,MSMC_0,Bus Utilization(Mil Transactions/s) = Num Access Granted / Sliding Time Window,Value,,3,,
8829977,,128,CPTracer,,CPT,MSMC_0,Bus Contention(%) = Accumulated wait time / Sliding Time Window,Value,,1,,
8829977,,128,CPTracer,,CPT,MSMC_0,Min. Average Latency (cycles / transaction) = Accumulated wait time / Num Access Granted,Value,,2,,
8829977,,128,CPTracer,,CPT,MSMC_0,Throughput Counter0,Value,,16000,,
8829977,,128,CPTracer,,CPT,MSMC_0,Throughput Counter1,Value,,16000,,
8829977,,128,CPTracer,,CPT,MSMC_0,Total Wait Time Counter,Value,,1003,,
8829977,,128,CPTracer,,CPT,MSMC_0,Total Granted Counter,Value,,500,,
8873541,,128,CPTracer,,CPT,MSMC_0,Bus Throughput(MBytes/s) = ThroughPutCounter1 / Sliding Time Window,Value,,97,,
8873541,,128,CPTracer,,CPT,MSMC_0,Bus Utilization(Mil Transactions/s) = Num Access Granted / Sliding Time Window,Value,,3,,
8873541,,128,CPTracer,,CPT,MSMC_0,Bus Contention(%) = Accumulated wait time / Sliding Time Window,Value,,1,,
8873541,,128,CPTracer,,CPT,MSMC_0,Min. Average Latency (cycles / transaction) = Accumulated wait time / Num Access Granted,Value,,2,,
8873541,,128,CPTracer,,CPT,MSMC_0,Throughput Counter0,Value,,12800,,
8873541,,128,CPTracer,,CPT,MSMC_0,Throughput Counter1,Value,,12800,,
8873541,,128,CPTracer,,CPT,MSMC_0,Total Wait Time Counter,Value,,802,,
8873541,,128,CPTracer,,CPT,MSMC_0,Total Granted Counter,Value,,400,,
8917130,,128,CPTracer,,CPT,MSMC_0,Bus Throughput(MBytes/s) = ThroughPutCounter1 / Sliding Time Window,Value,,101,,
8917130,,128,CPTracer,,CPT,MSMC_0,Bus Utilization(Mil Transactions/s) = Num Access Granted / Sliding Time Window,Value,,3,,
8917130,,128,CPTracer,,CPT,MSMC_0,Bus Contention(%) = Accumulated wait time / Sliding Time Window,Value,,1,,
8917130,,128,CPTracer,,CPT,MSMC_0,Min. Average Latency (cycles / transaction) = Accumulated wait time / Num Access Granted,Value,,2,,
8917130,,128,CPTracer,,CPT,MSMC_0,Throughput Counter0,Value,,13312,,
8917130,,128,CPTracer,,CPT,MSMC_0,Throughput Counter1,Value,,13312,,
8917130,,128,CPTracer,,CPT,MSMC_0,Total Wait Time Counter,Value,,840,,
8917130,,128,CPTracer,,CPT,MSMC_0,Total Granted Counter,Value,,416,,
8960637,,128,CPTracer,,CPT,MSMC_0,Bus Throughput(MBytes/s) = ThroughPutCounter1 / Sliding Time Window,Value,,118,,
8960637,,128,CPTracer,,CPT,MSMC_0,Bus Utilization(Mil Transactions/s) = Num Access Granted / Sliding Time Window,Value,,3,,
8960637,,128,CPTracer,,CPT,MSMC_0,Bus Contention(%) = Accumulated wait time / Sliding Time Window,Value,,1,,
8960637,,128,CPTracer,,CPT,MSMC_0,Min. Average Latency (cycles / transaction) = Accumulated wait time / Num Access Granted,Value,,2,,
8960637,,128,CPTracer,,CPT,MSMC_0,Throughput Counter0,Value,,15488,,
8960637,,128,CPTracer,,CPT,MSMC_0,Throughput Counter1,Value,,15488,,
8960637,,128,CPTracer,,CPT,MSMC_0,Total Wait Time Counter,Value,,982,,
8960637,,128,CPTracer,,CPT,MSMC_0,Total Granted Counter,Value,,484,,
9004201,,128,CPTracer,,CPT,MSMC_0,Bus Throughput(MBytes/s) = ThroughPutCounter1 / Sliding Time Window,Value,,122,,
9004201,,128,CPTracer,,CPT,MSMC_0,Bus Utilization(Mil Transactions/s) = Num Access Granted / Sliding Time Window,Value,,3,,
9004201,,128,CPTracer,,CPT,MSMC_0,Bus Contention(%) = Accumulated wait time / Sliding Time Window,Value,,1,,
9004201,,128,CPTracer,,CPT,MSMC_0,Min. Average Latency (cycles / transaction) = Accumulated wait time / Num Access Granted,Value,,2,,
9004201,,128,CPTracer,,CPT,MSMC_0,Throughput Counter0,Value,,16000,,
9004201,,128,CPTracer,,CPT,MSMC_0,Throughput Counter1,Value,,16000,,
9004201,,128,CPTracer,,CPT,MSMC_0,Total Wait Time Counter,Value,,1016,,
9004201,,128,CPTracer,,CPT,MSMC_0,Total Granted Counter,Value,,500,,
9047790,,128,CPTracer,,CPT,MSMC_0,Bus Throughput(MBytes/s) = ThroughPutCounter1 / Sliding Time Window,Value,,97,,
9047790,,128,CPTracer,,CPT,MSMC_0,Bus Utilization(Mil Transactions/s) = Num Access Granted / Sliding Time Window,Value,,3,,
9047790,,128,CPTracer,,CPT,MSMC_0,Bus Contention(%) = Accumulated wait time / Sliding Time Window,Value,,1,,
9047790,,128,CPTracer,,CPT,MSMC_0,Min. Average Latency (cycles / transaction) = Accumulated wait time / Num Access Granted,Value,,2,,
9047790,,128,CPTracer,,CPT,MSMC_0,Throughput Counter0,Value,,12800,,
9047790,,128,CPTracer,,CPT,MSMC_0,Throughput Counter1,Value,,12800,,
9047790,,128,CPTracer,,CPT,MSMC_0,Total Wait Time Counter,Value,,808,,
9047790,,128,CPTracer,,CPT,MSMC_0,Total Granted Counter,Value,,400,,
9091297,,128,CPTracer,,CPT,MSMC_0,Bus Throughput(MBytes/s) = ThroughPutCounter1 / Sliding Time Window,Value,,97,,
9091297,,128,CPTracer,,CPT,MSMC_0,Bus Utilization(Mil Transactions/s) = Num Access Granted / Sliding Time Window,Value,,3,,
9091297,,128,CPTracer,,CPT,MSMC_0,Bus Contention(%) = Accumulated wait time / Sliding Time Window,Value,,1,,
9091297,,128,CPTracer,,CPT,MSMC_0,Min. Average Latency (cycles / transaction) = Accumulated wait time / Num Access Granted,Value,,2,,
9091297,,128,CPTracer,,CPT,MSMC_0,Throughput Counter0,Value,,12800,,
9091297,,128,CPTracer,,CPT,MSMC_0,Throughput Counter1,Value,,12800,,
9091297,,128,CPTracer,,CPT,MSMC_0,Total Wait Time Counter,Value,,802,,
9091297,,128,CPTracer,,CPT,MSMC_0,Total Granted Counter,Value,,400,,
9134861,,128,CPTracer,,CPT,MSMC_0,Bus Throughput(MBytes/s) = ThroughPutCounter1 / Sliding Time Window,Value,,122,,
9134861,,128,CPTracer,,CPT,MSMC_0,Bus Utilization(Mil Transactions/s) = Num Access Granted / Sliding Time Window,Value,,3,,
9134861,,128,CPTracer,,CPT,MSMC_0,Bus Contention(%) = Accumulated wait time / Sliding Time Window,Value,,1,,
9134861,,128,CPTracer,,CPT,MSMC_0,Min. Average Latency (cycles / transaction) = Accumulated wait time / Num Access Granted,Value,,2,,
9134861,,128,CPTracer,,CPT,MSMC_0,Throughput Counter0,Value,,16000,,
9134861,,128,CPTracer,,CPT,MSMC_0,Throughput Counter1,Value,,16000,,
9134861,,128,CPTracer,,CPT,MSMC_0,Total Wait Time Counter,Value,,1008,,
9134861,,128,CPTracer,,CPT,MSMC_0,Total Granted Counter,Value,,500,,
9178450,,128,CPTracer,,CPT,MSMC_0,Bus Throughput(MBytes/s) = ThroughPutCounter1 / Sliding Time Window,Value,,108,,
9178450,,128,CPTracer,,CPT,MSMC_0,Bus Utilization(Mil Transactions/s) = Num Access Granted / Sliding Time Window,Value,,3,,
9178450,,128,CPTracer,,CPT,MSMC_0,Bus Contention(%) = Accumulated wait time / Sliding Time Window,Value,,1,,
9178450,,128,CPTracer,,CPT,MSMC_0,Min. Average Latency (cycles / transaction) = Accumulated wait time / Num Access Granted,Value,,2,,
9178450,,128,CPTracer,,CPT,MSMC_0,Throughput Counter0,Value,,14208,,
9178450,,128,CPTracer,,CPT,MSMC_0,Throughput Counter1,Value,,14208,,
9178450,,128,CPTracer,,CPT,MSMC_0,Total Wait Time Counter,Value,,888,,
9178450,,128,CPTracer,,CPT,MSMC_0,Total Granted Counter,Value,,444,,
9221957,,128,CPTracer,,CPT,MSMC_0,Bus Throughput(MBytes/s) = ThroughPutCounter1 / Sliding Time Window,Value,,111,,
9221957,,128,CPTracer,,CPT,MSMC_0,Bus Utilization(Mil Transactions/s) = Num Access Granted / Sliding Time Window,Value,,3,,
9221957,,128,CPTracer,,CPT,MSMC_0,Bus Contention(%) = Accumulated wait time / Sliding Time Window,Value,,1,,
9221957,,128,CPTracer,,CPT,MSMC_0,Min. Average Latency (cycles / transaction) = Accumulated wait time / Num Access Granted,Value,,2,,
9221957,,128,CPTracer,,CPT,MSMC_0,Throughput Counter0,Value,,14592,,
9221957,,128,CPTracer,,CPT,MSMC_0,Throughput Counter1,Value,,14592,,
9221957,,128,CPTracer,,CPT,MSMC_0,Total Wait Time Counter,Value,,912,,
9221957,,128,CPTracer,,CPT,MSMC_0,Total Granted Counter,Value,,456,,
9265521,,128,CPTracer,,CPT,MSMC_0,Bus Throughput(MBytes/s) = ThroughPutCounter1 / Sliding Time Window,Value,,97,,
9265521,,128,CPTracer,,CPT,MSMC_0,Bus Utilization(Mil Transactions/s) = Num Access Granted / Sliding Time Window,Value,,3,,
9265521,,128,CPTracer,,CPT,MSMC_0,Bus Contention(%) = Accumulated wait time / Sliding Time Window,Value,,1,,
9265521,,128,CPTracer,,CPT,MSMC_0,Min. Average Latency (cycles / transaction) = Accumulated wait time / Num Access Granted,Value,,2,,
9265521,,128,CPTracer,,CPT,MSMC_0,Throughput Counter0,Value,,12800,,
9265521,,128,CPTracer,,CPT,MSMC_0,Throughput Counter1,Value,,12800,,
9265521,,128,CPTracer,,CPT,MSMC_0,Total Wait Time Counter,Value,,800,,
9265521,,128,CPTracer,,CPT,MSMC_0,Total Granted Counter,Value,,400,,
9309110,,128,CPTracer,,CPT,MSMC_0,Bus Throughput(MBytes/s) = ThroughPutCounter1 / Sliding Time Window,Value,,122,,
9309110,,128,CPTracer,,CPT,MSMC_0,Bus Utilization(Mil Transactions/s) = Num Access Granted / Sliding Time Window,Value,,3,,
9309110,,128,CPTracer,,CPT,MSMC_0,Bus Contention(%) = Accumulated wait time / Sliding Time Window,Value,,1,,
9309110,,128,CPTracer,,CPT,MSMC_0,Min. Average Latency (cycles / transaction) = Accumulated wait time / Num Access Granted,Value,,2,,
9309110,,128,CPTracer,,CPT,MSMC_0,Throughput Counter0,Value,,16000,,
9309110,,128,CPTracer,,CPT,MSMC_0,Throughput Counter1,Value,,16000,,
9309110,,128,CPTracer,,CPT,MSMC_0,Total Wait Time Counter,Value,,1000,,
9309110,,128,CPTracer,,CPT,MSMC_0,Total Granted Counter,Value,,500,,
9352617,,128,CPTracer,,CPT,MSMC_0,Bus Throughput(MBytes/s) = ThroughPutCounter1 / Sliding Time Window,Value,,97,,
9352617,,128,CPTracer,,CPT,MSMC_0,Bus Utilization(Mil Transactions/s) = Num Access Granted / Sliding Time Window,Value,,3,,
9352617,,128,CPTracer,,CPT,MSMC_0,Bus Contention(%) = Accumulated wait time / Sliding Time Window,Value,,1,,
9352617,,128,CPTracer,,CPT,MSMC_0,Min. Average Latency (cycles / transaction) = Accumulated wait time / Num Access Granted,Value,,2,,
9352617,,128,CPTracer,,CPT,MSMC_0,Throughput Counter0,Value,,12800,,
9352617,,128,CPTracer,,CPT,MSMC_0,Throughput Counter1,Value,,12800,,
9352617,,128,CPTracer,,CPT,MSMC_0,Total Wait Time Counter,Value,,800,,
9352617,,128,CPTracer,,CPT,MSMC_0,Total Granted Counter,Value,,400,,
9396181,,128,CPTracer,,CPT,MSMC_0,Bus Throughput(MBytes/s) = ThroughPutCounter1 / Sliding Time Window,Value,,122,,
9396181,,128,CPTracer,,CPT,MSMC_0,Bus Utilization(Mil Transactions/s) = Num Access Granted / Sliding Time Window,Value,,3,,
9396181,,128,CPTracer,,CPT,MSMC_0,Bus Contention(%) = Accumulated wait time / Sliding Time Window,Value,,1,,
9396181,,128,CPTracer,,CPT,MSMC_0,Min. Average Latency (cycles / transaction) = Accumulated wait time / Num Access Granted,Value,,2,,
9396181,,128,CPTracer,,CPT,MSMC_0,Throughput Counter0,Value,,16000,,
9396181,,128,CPTracer,,CPT,MSMC_0,Throughput Counter1,Value,,16000,,
9396181,,128,CPTracer,,CPT,MSMC_0,Total Wait Time Counter,Value,,1000,,
9396181,,128,CPTracer,,CPT,MSMC_0,Total Granted Counter,Value,,500,,
9439770,,128,CPTracer,,CPT,MSMC_0,Bus Throughput(MBytes/s) = ThroughPutCounter1 / Sliding Time Window,Value,,97,,
9439770,,128,CPTracer,,CPT,MSMC_0,Bus Utilization(Mil Transactions/s) = Num Access Granted / Sliding Time Window,Value,,3,,
9439770,,128,CPTracer,,CPT,MSMC_0,Bus Contention(%) = Accumulated wait time / Sliding Time Window,Value,,1,,
9439770,,128,CPTracer,,CPT,MSMC_0,Min. Average Latency (cycles / transaction) = Accumulated wait time / Num Access Granted,Value,,2,,
9439770,,128,CPTracer,,CPT,MSMC_0,Throughput Counter0,Value,,12800,,
9439770,,128,CPTracer,,CPT,MSMC_0,Throughput Counter1,Value,,12800,,
9439770,,128,CPTracer,,CPT,MSMC_0,Total Wait Time Counter,Value,,800,,
9439770,,128,CPTracer,,CPT,MSMC_0,Total Granted Counter,Value,,400,,
9483277,,128,CPTracer,,CPT,MSMC_0,Bus Throughput(MBytes/s) = ThroughPutCounter1 / Sliding Time Window,Value,,104,,
9483277,,128,CPTracer,,CPT,MSMC_0,Bus Utilization(Mil Transactions/s) = Num Access Granted / Sliding Time Window,Value,,3,,
9483277,,128,CPTracer,,CPT,MSMC_0,Bus Contention(%) = Accumulated wait time / Sliding Time Window,Value,,1,,
9483277,,128,CPTracer,,CPT,MSMC_0,Min. Average Latency (cycles / transaction) = Accumulated wait time / Num Access Granted,Value,,2,,
9483277,,128,CPTracer,,CPT,MSMC_0,Throughput Counter0,Value,,13728,,
9483277,,128,CPTracer,,CPT,MSMC_0,Throughput Counter1,Value,,13728,,
9483277,,128,CPTracer,,CPT,MSMC_0,Total Wait Time Counter,Value,,858,,
9483277,,128,CPTracer,,CPT,MSMC_0,Total Granted Counter,Value,,429,,
9526841,,128,CPTracer,,CPT,MSMC_0,Bus Throughput(MBytes/s) = ThroughPutCounter1 / Sliding Time Window,Value,,114,,
9526841,,128,CPTracer,,CPT,MSMC_0,Bus Utilization(Mil Transactions/s) = Num Access Granted / Sliding Time Window,Value,,3,,
9526841,,128,CPTracer,,CPT,MSMC_0,Bus Contention(%) = Accumulated wait time / Sliding Time Window,Value,,1,,
9526841,,128,CPTracer,,CPT,MSMC_0,Min. Average Latency (cycles / transaction) = Accumulated wait time / Num Access Granted,Value,,2,,
9526841,,128,CPTracer,,CPT,MSMC_0,Throughput Counter0,Value,,15072,,
9526841,,128,CPTracer,,CPT,MSMC_0,Throughput Counter1,Value,,15072,,
9526841,,128,CPTracer,,CPT,MSMC_0,Total Wait Time Counter,Value,,951,,
9526841,,128,CPTracer,,CPT,MSMC_0,Total Granted Counter,Value,,471,,
9570430,,128,CPTracer,,CPT,MSMC_0,Bus Throughput(MBytes/s) = ThroughPutCounter1 / Sliding Time Window,Value,,122,,
9570430,,128,CPTracer,,CPT,MSMC_0,Bus Utilization(Mil Transactions/s) = Num Access Granted / Sliding Time Window,Value,,3,,
9570430,,128,CPTracer,,CPT,MSMC_0,Bus Contention(%) = Accumulated wait time / Sliding Time Window,Value,,1,,
9570430,,128,CPTracer,,CPT,MSMC_0,Min. Average Latency (cycles / transaction) = Accumulated wait time / Num Access Granted,Value,,2,,
9570430,,128,CPTracer,,CPT,MSMC_0,Throughput Counter0,Value,,16000,,
9570430,,128,CPTracer,,CPT,MSMC_0,Throughput Counter1,Value,,16000,,
9570430,,128,CPTracer,,CPT,MSMC_0,Total Wait Time Counter,Value,,1003,,
9570430,,128,CPTracer,,CPT,MSMC_0,Total Granted Counter,Value,,500,,
9613937,,128,CPTracer,,CPT,MSMC_0,Bus Throughput(MBytes/s) = ThroughPutCounter1 / Sliding Time Window,Value,,97,,
9613937,,128,CPTracer,,CPT,MSMC_0,Bus Utilization(Mil Transactions/s) = Num Access Granted / Sliding Time Window,Value,,3,,
9613937,,128,CPTracer,,CPT,MSMC_0,Bus Contention(%) = Accumulated wait time / Sliding Time Window,Value,,1,,
9613937,,128,CPTracer,,CPT,MSMC_0,Min. Average Latency (cycles / transaction) = Accumulated wait time / Num Access Granted,Value,,2,,
9613937,,128,CPTracer,,CPT,MSMC_0,Throughput Counter0,Value,,12800,,
9613937,,128,CPTracer,,CPT,MSMC_0,Throughput Counter1,Value,,12800,,
9613937,,128,CPTracer,,CPT,MSMC_0,Total Wait Time Counter,Value,,815,,
9613937,,128,CPTracer,,CPT,MSMC_0,Total Granted Counter,Value,,400,,
9657501,,128,CPTracer,,CPT,MSMC_0,Bus Throughput(MBytes/s) = ThroughPutCounter1 / Sliding Time Window,Value,,97,,
9657501,,128,CPTracer,,CPT,MSMC_0,Bus Utilization(Mil Transactions/s) = Num Access Granted / Sliding Time Window,Value,,3,,
9657501,,128,CPTracer,,CPT,MSMC_0,Bus Contention(%) = Accumulated wait time / Sliding Time Window,Value,,1,,
9657501,,128,CPTracer,,CPT,MSMC_0,Min. Average Latency (cycles / transaction) = Accumulated wait time / Num Access Granted,Value,,2,,
9657501,,128,CPTracer,,CPT,MSMC_0,Throughput Counter0,Value,,12800,,
9657501,,128,CPTracer,,CPT,MSMC_0,Throughput Counter1,Value,,12800,,
9657501,,128,CPTracer,,CPT,MSMC_0,Total Wait Time Counter,Value,,809,,
9657501,,128,CPTracer,,CPT,MSMC_0,Total Granted Counter,Value,,400,,
9701090,,128,CPTracer,,CPT,MSMC_0,Bus Throughput(MBytes/s) = ThroughPutCounter1 / Sliding Time Window,Value,,122,,
9701090,,128,CPTracer,,CPT,MSMC_0,Bus Utilization(Mil Transactions/s) = Num Access Granted / Sliding Time Window,Value,,3,,
9701090,,128,CPTracer,,CPT,MSMC_0,Bus Contention(%) = Accumulated wait time / Sliding Time Window,Value,,1,,
9701090,,128,CPTracer,,CPT,MSMC_0,Min. Average Latency (cycles / transaction) = Accumulated wait time / Num Access Granted,Value,,2,,
9701090,,128,CPTracer,,CPT,MSMC_0,Throughput Counter0,Value,,16000,,
9701090,,128,CPTracer,,CPT,MSMC_0,Throughput Counter1,Value,,16000,,
9701090,,128,CPTracer,,CPT,MSMC_0,Total Wait Time Counter,Value,,1015,,
9701090,,128,CPTracer,,CPT,MSMC_0,Total Granted Counter,Value,,500,,
9744597,,128,CPTracer,,CPT,MSMC_0,Bus Throughput(MBytes/s) = ThroughPutCounter1 / Sliding Time Window,Value,,114,,
9744597,,128,CPTracer,,CPT,MSMC_0,Bus Utilization(Mil Transactions/s) = Num Access Granted / Sliding Time Window,Value,,3,,
9744597,,128,CPTracer,,CPT,MSMC_0,Bus Contention(%) = Accumulated wait time / Sliding Time Window,Value,,1,,
9744597,,128,CPTracer,,CPT,MSMC_0,Min. Average Latency (cycles / transaction) = Accumulated wait time / Num Access Granted,Value,,2,,
9744597,,128,CPTracer,,CPT,MSMC_0,Throughput Counter0,Value,,14976,,
9744597,,128,CPTracer,,CPT,MSMC_0,Throughput Counter1,Value,,14976,,
9744597,,128,CPTracer,,CPT,MSMC_0,Total Wait Time Counter,Value,,945,,
9744597,,128,CPTracer,,CPT,MSMC_0,Total Granted Counter,Value,,468,,
9788161,,128,CPTracer,,CPT,MSMC_0,Bus Throughput(MBytes/s) = ThroughPutCounter1 / Sliding Time Window,Value,,105,,
9788161,,128,CPTracer,,CPT,MSMC_0,Bus Utilization(Mil Transactions/s) = Num Access Granted / Sliding Time Window,Value,,3,,
9788161,,128,CPTracer,,CPT,MSMC_0,Bus Contention(%) = Accumulated wait time / Sliding Time Window,Value,,1,,
9788161,,128,CPTracer,,CPT,MSMC_0,Min. Average Latency (cycles / transaction) = Accumulated wait time / Num Access Granted,Value,,2,,
9788161,,128,CPTracer,,CPT,MSMC_0,Throughput Counter0,Value,,13824,,
9788161,,128,CPTracer,,CPT,MSMC_0,Throughput Counter1,Value,,13824,,
9788161,,128,CPTracer,,CPT,MSMC_0,Total Wait Time Counter,Value,,864,,
9788161,,128,CPTracer,,CPT,MSMC_0,Total Granted Counter,Value,,432,,
9831750,,128,CPTracer,,CPT,MSMC_0,Bus Throughput(MBytes/s) = ThroughPutCounter1 / Sliding Time Window,Value,,97,,
9831750,,128,CPTracer,,CPT,MSMC_0,Bus Utilization(Mil Transactions/s) = Num Access Granted / Sliding Time Window,Value,,3,,
9831750,,128,CPTracer,,CPT,MSMC_0,Bus Contention(%) = Accumulated wait time / Sliding Time Window,Value,,1,,
9831750,,128,CPTracer,,CPT,MSMC_0,Min. Average Latency (cycles / transaction) = Accumulated wait time / Num Access Granted,Value,,2,,
9831750,,128,CPTracer,,CPT,MSMC_0,Throughput Counter0,Value,,12800,,
9831750,,128,CPTracer,,CPT,MSMC_0,Throughput Counter1,Value,,12800,,
9831750,,128,CPTracer,,CPT,MSMC_0,Total Wait Time Counter,Value,,808,,
9831750,,128,CPTracer,,CPT,MSMC_0,Total Granted Counter,Value,,400,,
9875257,,128,CPTracer,,CPT,MSMC_0,Bus Throughput(MBytes/s) = ThroughPutCounter1 / Sliding Time Window,Value,,122,,
9875257,,128,CPTracer,,CPT,MSMC_0,Bus Utilization(Mil Transactions/s) = Num Access Granted / Sliding Time Window,Value,,3,,
9875257,,128,CPTracer,,CPT,MSMC_0,Bus Contention(%) = Accumulated wait time / Sliding Time Window,Value,,1,,
9875257,,128,CPTracer,,CPT,MSMC_0,Min. Average Latency (cycles / transaction) = Accumulated wait time / Num Access Granted,Value,,2,,
9875257,,128,CPTracer,,CPT,MSMC_0,Throughput Counter0,Value,,16000,,
9875257,,128,CPTracer,,CPT,MSMC_0,Throughput Counter1,Value,,16000,,
9875257,,128,CPTracer,,CPT,MSMC_0,Total Wait Time Counter,Value,,1000,,
9875257,,128,CPTracer,,CPT,MSMC_0,Total Granted Counter,Value,,500,,
9918821,,128,CPTracer,,CPT,MSMC_0,Bus Throughput(MBytes/s) = ThroughPutCounter1 / Sliding Time Window,Value,,97,,
9918821,,128,CPTracer,,CPT,MSMC_0,Bus Utilization(Mil Transactions/s) = Num Access Granted / Sliding Time Window,Value,,3,,
9918821,,128,CPTracer,,CPT,MSMC_0,Bus Contention(%) = Accumulated wait time / Sliding Time Window,Value,,1,,
9918821,,128,CPTracer,,CPT,MSMC_0,Min. Average Latency (cycles / transaction) = Accumulated wait time / Num Access Granted,Value,,2,,
9918821,,128,CPTracer,,CPT,MSMC_0,Throughput Counter0,Value,,12800,,
9918821,,128,CPTracer,,CPT,MSMC_0,Throughput Counter1,Value,,12800,,
9918821,,128,CPTracer,,CPT,MSMC_0,Total Wait Time Counter,Value,,800,,
9918821,,128,CPTracer,,CPT,MSMC_0,Total Granted Counter,Value,,400,,
9962410,,128,CPTracer,,CPT,MSMC_0,Bus Throughput(MBytes/s) = ThroughPutCounter1 / Sliding Time Window,Value,,122,,
9962410,,128,CPTracer,,CPT,MSMC_0,Bus Utilization(Mil Transactions/s) = Num Access Granted / Sliding Time Window,Value,,3,,
9962410,,128,CPTracer,,CPT,MSMC_0,Bus Contention(%) = Accumulated wait time / Sliding Time Window,Value,,1,,
9962410,,128,CPTracer,,CPT,MSMC_0,Min. Average Latency (cycles / transaction) = Accumulated wait time / Num Access Granted,Value,,2,,
9962410,,128,CPTracer,,CPT,MSMC_0,Throughput Counter0,Value,,16000,,
9962410,,128,CPTracer,,CPT,MSMC_0,Throughput Counter1,Value,,16000,,
9962410,,128,CPTracer,,CPT,MSMC_0,Total Wait Time Counter,Value,,1000,,
9962410,,128,CPTracer,,CPT,MSMC_0,Total Granted Counter,Value,,500,,
10005917,,128,CPTracer,,CPT,MSMC_0,Bus Throughput(MBytes/s) = ThroughPutCounter1 / Sliding Time Window,Value,,97,,
10005917,,128,CPTracer,,CPT,MSMC_0,Bus Utilization(Mil Transactions/s) = Num Access Granted / Sliding Time Window,Value,,3,,
10005917,,128,CPTracer,,CPT,MSMC_0,Bus Contention(%) = Accumulated wait time / Sliding Time Window,Value,,1,,
10005917,,128,CPTracer,,CPT,MSMC_0,Min. Average Latency (cycles / transaction) = Accumulated wait time / Num Access Granted,Value,,2,,
10005917,,128,CPTracer,,CPT,MSMC_0,Throughput Counter0,Value,,12800,,
10005917,,128,CPTracer,,CPT,MSMC_0,Throughput Counter1,Value,,12800,,
10005917,,128,CPTracer,,CPT,MSMC_0,Total Wait Time Counter,Value,,800,,
10005917,,128,CPTracer,,CPT,MSMC_0,Total Granted Counter,Value,,400,,
10049481,,128,CPTracer,,CPT,MSMC_0,Bus Throughput(MBytes/s) = ThroughPutCounter1 / Sliding Time Window,Value,,110,,
8256855,11075,128,CPTracer,,CPT,MSMC_1,Bus Throughput(MBytes/s) = ThroughPutCounter0 / Sliding Time Window,Value,,72,,
8387515,11075,128,CPTracer,,CPT,MSMC_1,Bus Throughput(MBytes/s) = ThroughPutCounter0 / Sliding Time Window,Value,,48,,
8518175,11075,128,CPTracer,,CPT,MSMC_1,Bus Throughput(MBytes/s) = ThroughPutCounter0 / Sliding Time Window,Value,,48,,
8648835,11075,128,CPTracer,,CPT,MSMC_1,Bus Throughput(MBytes/s) = ThroughPutCounter0 / Sliding Time Window,Value,,73,,
8779495,11075,128,CPTracer,,CPT,MSMC_1,Bus Throughput(MBytes/s) = ThroughPutCounter0 / Sliding Time Window,Value,,48,,
8910155,11075,128,CPTracer,,CPT,MSMC_1,Bus Throughput(MBytes/s) = ThroughPutCounter0 / Sliding Time Window,Value,,48,,
9040815,11075,128,CPTracer,,CPT,MSMC_1,Bus Throughput(MBytes/s) = ThroughPutCounter0 / Sliding Time Window,Value,,64,,
9171475,11075,128,CPTracer,,CPT,MSMC_1,Bus Throughput(MBytes/s) = ThroughPutCounter0 / Sliding Time Window,Value,,48,,
9302135,11075,128,CPTracer,,CPT,MSMC_1,Bus Throughput(MBytes/s) = ThroughPutCounter0 / Sliding Time Window,Value,,48,,
9432795,11075,128,CPTracer,,CPT,MSMC_1,Bus Throughput(MBytes/s) = ThroughPutCounter0 / Sliding Time Window,Value,,48,,
9563455,11075,128,CPTracer,,CPT,MSMC_1,Bus Throughput(MBytes/s) = ThroughPutCounter0 / Sliding Time Window,Value,,60,,
9694115,11075,128,CPTracer,,CPT,MSMC_1,Bus Throughput(MBytes/s) = ThroughPutCounter0 / Sliding Time Window,Value,,48,,
9824775,11075,128,CPTracer,,CPT,MSMC_1,Bus Throughput(MBytes/s) = ThroughPutCounter0 / Sliding Time Window,Value,,48,,
9955435,11075,128,CPTracer,,CPT,MSMC_1,Bus Throughput(MBytes/s) = ThroughPutCounter0 / Sliding Time Window,Value,,73,,
10086095,11075,128,CPTracer,,CPT,MSMC_1,Bus Throughput(MBytes/s) = ThroughPutCounter0 / Sliding Time Window,Value,,48,,
10216755,11075,128,CPTracer,,CPT,MSMC_1,Bus Throughput(MBytes/s) = ThroughPutCounter0 / Sliding Time Window,Value,,48,,
10347415,11075,128,CPTracer,,CPT,MSMC_1,Bus Throughput(MBytes/s) = ThroughPutCounter0 / Sliding Time Window,Value,,73,,
10478075,11075,128,CPTracer,,CPT,MSMC_1,Bus Throughput(MBytes/s) = ThroughPutCounter0 / Sliding Time Window,Value,,48,,
10608735,11075,128,CPTracer,,CPT,MSMC_1,Bus Throughput(MBytes/s) = ThroughPutCounter0 / Sliding Time Window,Value,,48,,
10739395,11075,128,CPTracer,,CPT,MSMC_1,Bus Throughput(MBytes/s) = ThroughPutCounter0 / Sliding Time Window,Value,,52,,
10870055,11075,128,CPTracer,,CPT,MSMC_1,Bus Throughput(MBytes/s) = ThroughPutCounter0 / Sliding Time Window,Value,,48,,
11000715,11075,128,CPTracer,,CPT,MSMC_1,Bus Throughput(MBytes/s) = ThroughPutCounter0 / Sliding Time Window,Value,,48,,
11131375,11075,128,CPTracer,,CPT,MSMC_1,Bus Throughput(MBytes/s) = ThroughPutCounter0 / Sliding Time Window,Value,,48,,
11262035,11075,128,CPTracer,,CPT,MSMC_1,Bus Throughput(MBytes/s) = ThroughPutCounter0 / Sliding Time Window,Value,,72,,
11392695,11075,128,CPTracer,,CPT,MSMC_1,Bus Throughput(MBytes/s) = ThroughPutCounter0 / Sliding Time Window,Value,,48,,
11523355,11075,128,CPTracer,,CPT,MSMC_1,Bus Throughput(MBytes/s) = ThroughPutCounter0 / Sliding Time Window,Value,,48,,
11654015,11075,128,CPTracer,,CPT,MSMC_1,Bus Throughput(MBytes/s) = ThroughPutCounter0 / Sliding Time Window,Value,,73,,
11784675,11075,128,CPTracer,,CPT,MSMC_1,Bus Throughput(MBytes/s) = ThroughPutCounter0 / Sliding Time Window,Value,,48,,
11915335,11075,128,CPTracer,,CPT,MSMC_1,Bus Throughput(MBytes/s) = ThroughPutCounter0 / Sliding Time Window,Value,,48,,
12045995,11075,128,CPTracer,,CPT,MSMC_1,Bus Throughput(MBytes/s) = ThroughPutCounter0 / Sliding Time Window,Value,,64,,
12176655,11075,128,CPTracer,,CPT,MSMC_1,Bus Throughput(MBytes/s) = ThroughPutCounter0 / Sliding Time Window,Value,,48,,
12307315,11075,128,CPTracer,,CPT,MSMC_1,Bus Throughput(MBytes/s) = ThroughPutCounter0 / Sliding Time Window,Value,,48,,
12437975,11075,128,CPTracer,,CPT,MSMC_1,Bus Throughput(MBytes/s) = ThroughPutCounter0 / Sliding Time Window,Value,,48,,
12568635,11075,128,CPTracer,,CPT,MSMC_1,Bus Throughput(MBytes/s) = ThroughPutCounter0 / Sliding Time Window,Value,,61,,
12699295,11075,128,CPTracer,,CPT,MSMC_1,Bus Throughput(MBytes/s) = ThroughPutCounter0 / Sliding Time Window,Value,,48,,
12829955,11075,128,CPTracer,,CPT,MSMC_1,Bus Throughput(MBytes/s) = ThroughPutCounter0 / Sliding Time Window,Value,,48,,
12960615,11075,128,CPTracer,,CPT,MSMC_1,Bus Throughput(MBytes/s) = ThroughPutCounter0 / Sliding Time Window,Value,,73,,
13091275,11075,128,CPTracer,,CPT,MSMC_1,Bus Throughput(MBytes/s) = ThroughPutCounter0 / Sliding Time Window,Value,,48,,
13221935,11075,128,CPTracer,,CPT,MSMC_1,Bus Throughput(MBytes/s) = ThroughPutCounter0 / Sliding Time Window,Value,,48,,
13352595,11075,128,CPTracer,,CPT,MSMC_1,Bus Throughput(MBytes/s) = ThroughPutCounter0 / Sliding Time Window,Value,,73,,
13483255,11075,128,CPTracer,,CPT,MSMC_1,Bus Throughput(MBytes/s) = ThroughPutCounter0 / Sliding Time Window,Value,,48,,
13613915,11075,128,CPTracer,,CPT,MSMC_1,Bus Throughput(MBytes/s) = ThroughPutCounter0 / Sliding Time Window,Value,,48,,
13744575,11075,128,CPTracer,,CPT,MSMC_1,Bus Throughput(MBytes/s) = ThroughPutCounter0 / Sliding Time Window,Value,,52,,
13875235,11075,128,CPTracer,,CPT,MSMC_1,Bus Throughput(MBytes/s) = ThroughPutCounter0 / Sliding Time Window,Value,,49,,
14005895,11075,128,CPTracer,,CPT,MSMC_1,Bus Throughput(MBytes/s) = ThroughPutCounter0 / Sliding Time Window,Value,,48,,
8213262,19972,128,CPTracer,,CPT,MSMC_1,Bus Throughput(MBytes/s) = ThroughPutCounter0 / Sliding Time Window,Value,,48,,
8343922,19972,128,CPTracer,,CPT,MSMC_1,Bus Throughput(MBytes/s) = ThroughPutCounter0 / Sliding Time Window,Value,,48,,
8474582,19972,128,CPTracer,,CPT,MSMC_1,Bus Throughput(MBytes/s) = ThroughPutCounter0 / Sliding Time Window,Value,,67,,
8605242,19972,128,CPTracer,,CPT,MSMC_1,Bus Throughput(MBytes/s) = ThroughPutCounter0 / Sliding Time Window,Value,,48,,
8735902,19972,128,CPTracer,,CPT,MSMC_1,Bus Throughput(MBytes/s) = ThroughPutCounter0 / Sliding Time Window,Value,,48,,
8866562,19972,128,CPTracer,,CPT,MSMC_1,Bus Throughput(MBytes/s) = ThroughPutCounter0 / Sliding Time Window,Value,,48,,
8997222,19972,128,CPTracer,,CPT,MSMC_1,Bus Throughput(MBytes/s) = ThroughPutCounter0 / Sliding Time Window,Value,,57,,
9127882,19972,128,CPTracer,,CPT,MSMC_1,Bus Throughput(MBytes/s) = ThroughPutCounter0 / Sliding Time Window,Value,,48,,
9258542,19972,128,CPTracer,,CPT,MSMC_1,Bus Throughput(MBytes/s) = ThroughPutCounter0 / Sliding Time Window,Value,,48,,
9389202,19972,128,CPTracer,,CPT,MSMC_1,Bus Throughput(MBytes/s) = ThroughPutCounter0 / Sliding Time Window,Value,,73,,
9519862,19972,128,CPTracer,,CPT,MSMC_1,Bus Throughput(MBytes/s) = ThroughPutCounter0 / Sliding Time Window,Value,,48,,
9650522,19972,128,CPTracer,,CPT,MSMC_1,Bus Throughput(MBytes/s) = ThroughPutCounter0 / Sliding Time Window,Value,,48,,
9781182,19972,128,CPTracer,,CPT,MSMC_1,Bus Throughput(MBytes/s) = ThroughPutCounter0 / Sliding Time Window,Value,,73,,
9911842,19972,128,CPTracer,,CPT,MSMC_1,Bus Throughput(MBytes/s) = ThroughPutCounter0 / Sliding Time Window,Value,,48,,
10042502,19972,128,CPTracer,,CPT,MSMC_1,Bus Throughput(MBytes/s) = ThroughPutCounter0 / Sliding Time Window,Value,,48,,
10173162,19972,128,CPTracer,,CPT,MSMC_1,Bus Throughput(MBytes/s) = ThroughPutCounter0 / Sliding Time Window,Value,,55,,
10303822,19972,128,CPTracer,,CPT,MSMC_1,Bus Throughput(MBytes/s) = ThroughPutCounter0 / Sliding Time Window,Value,,48,,
10434482,19972,128,CPTracer,,CPT,MSMC_1,Bus Throughput(MBytes/s) = ThroughPutCounter0 / Sliding Time Window,Value,,48,,
10565142,19972,128,CPTracer,,CPT,MSMC_1,Bus Throughput(MBytes/s) = ThroughPutCounter0 / Sliding Time Window,Value,,48,,
10695802,19972,128,CPTracer,,CPT,MSMC_1,Bus Throughput(MBytes/s) = ThroughPutCounter0 / Sliding Time Window,Value,,69,,
10826462,19972,128,CPTracer,,CPT,MSMC_1,Bus Throughput(MBytes/s) = ThroughPutCounter0 / Sliding Time Window,Value,,48,,
10957122,19972,128,CPTracer,,CPT,MSMC_1,Bus Throughput(MBytes/s) = ThroughPutCounter0 / Sliding Time Window,Value,,48,,
11087782,19972,128,CPTracer,,CPT,MSMC_1,Bus Throughput(MBytes/s) = ThroughPutCounter0 / Sliding Time Window,Value,,73,,
11218442,19972,128,CPTracer,,CPT,MSMC_1,Bus Throughput(MBytes/s) = ThroughPutCounter0 / Sliding Time Window,Value,,48,,
11349102,19972,128,CPTracer,,CPT,MSMC_1,Bus Throughput(MBytes/s) = ThroughPutCounter0 / Sliding Time Window,Value,,48,,
11479762,19972,128,CPTracer,,CPT,MSMC_1,Bus Throughput(MBytes/s) = ThroughPutCounter0 / Sliding Time Window,Value,,67,,
11610422,19972,128,CPTracer,,CPT,MSMC_1,Bus Throughput(MBytes/s) = ThroughPutCounter0 / Sliding Time Window,Value,,48,,
11741082,19972,128,CPTracer,,CPT,MSMC_1,Bus Throughput(MBytes/s) = ThroughPutCounter0 / Sliding Time Window,Value,,48,,
11871742,19972,128,CPTracer,,CPT,MSMC_1,Bus Throughput(MBytes/s) = ThroughPutCounter0 / Sliding Time Window,Value,,48,,
12002402,19972,128,CPTracer,,CPT,MSMC_1,Bus Throughput(MBytes/s) = ThroughPutCounter0 / Sliding Time Window,Value,,57,,
12133062,19972,128,CPTracer,,CPT,MSMC_1,Bus Throughput(MBytes/s) = ThroughPutCounter0 / Sliding Time Window,Value,,48,,
12263722,19972,128,CPTracer,,CPT,MSMC_1,Bus Throughput(MBytes/s) = ThroughPutCounter0 / Sliding Time Window,Value,,48,,
12394382,19972,128,CPTracer,,CPT,MSMC_1,Bus Throughput(MBytes/s) = ThroughPutCounter0 / Sliding Time Window,Value,,73,,
12525042,19972,128,CPTracer,,CPT,MSMC_1,Bus Throughput(MBytes/s) = ThroughPutCounter0 / Sliding Time Window,Value,,48,,
12655702,19972,128,CPTracer,,CPT,MSMC_1,Bus Throughput(MBytes/s) = ThroughPutCounter0 / Sliding Time Window,Value,,48,,
12786362,19972,128,CPTracer,,CPT,MSMC_1,Bus Throughput(MBytes/s) = ThroughPutCounter0 / Sliding Time Window,Value,,73,,
12917022,19972,128,CPTracer,,CPT,MSMC_1,Bus Throughput(MBytes/s) = ThroughPutCounter0 / Sliding Time Window,Value,,48,,
13047682,19972,128,CPTracer,,CPT,MSMC_1,Bus Throughput(MBytes/s) = ThroughPutCounter0 / Sliding Time Window,Value,,48,,
13178342,19972,128,CPTracer,,CPT,MSMC_1,Bus Throughput(MBytes/s) = ThroughPutCounter0 / Sliding Time Window,Value,,57,,
13309002,19972,128,CPTracer,,CPT,MSMC_1,Bus Throughput(MBytes/s) = ThroughPutCounter0 / Sliding Time Window,Value,,48,,
13439662,19972,128,CPTracer,,CPT,MSMC_1,Bus Throughput(MBytes/s) = ThroughPutCounter0 / Sliding Time Window,Value,,48,,
13570322,19972,128,CPTracer,,CPT,MSMC_1,Bus Throughput(MBytes/s) = ThroughPutCounter0 / Sliding Time Window,Value,,48,,
13700982,19972,128,CPTracer,,CPT,MSMC_1,Bus Throughput(MBytes/s) = ThroughPutCounter0 / Sliding Time Window,Value,,70,,
13831642,19972,128,CPTracer,,CPT,MSMC_1,Bus Throughput(MBytes/s) = ThroughPutCounter0 / Sliding Time Window,Value,,48,,
13962302,19972,128,CPTracer,,CPT,MSMC_1,Bus Throughput(MBytes/s) = ThroughPutCounter0 / Sliding Time Window,Value,,48,,
14092962,19972,128,CPTracer,,CPT,MSMC_1,Bus Throughput(MBytes/s) = ThroughPutCounter0 / Sliding Time Window,Value,,73,,
8169711,20227,128,CPTracer,,CPT,MSMC_1,Bus Throughput(MBytes/s) = ThroughPutCounter0 / Sliding Time Window,Value,,48,,
8300371,20227,128,CPTracer,,CPT,MSMC_1,Bus Throughput(MBytes/s) = ThroughPutCounter0 / Sliding Time Window,Value,,49,,
8431031,20227,128,CPTracer,,CPT,MSMC_1,Bus Throughput(MBytes/s) = ThroughPutCounter0 / Sliding Time Window,Value,,54,,
8561691,20227,128,CPTracer,,CPT,MSMC_1,Bus Throughput(MBytes/s) = ThroughPutCounter0 / Sliding Time Window,Value,,48,,
8692351,20227,128,CPTracer,,CPT,MSMC_1,Bus Throughput(MBytes/s) = ThroughPutCounter0 / Sliding Time Window,Value,,48,,
8823011,20227,128,CPTracer,,CPT,MSMC_1,Bus Throughput(MBytes/s) = ThroughPutCounter0 / Sliding Time Window,Value,,73,,
8953671,20227,128,CPTracer,,CPT,MSMC_1,Bus Throughput(MBytes/s) = ThroughPutCounter0 / Sliding Time Window,Value,,48,,
9084331,20227,128,CPTracer,,CPT,MSMC_1,Bus Throughput(MBytes/s) = ThroughPutCounter0 / Sliding Time Window,Value,,48,,
9214991,20227,128,CPTracer,,CPT,MSMC_1,Bus Throughput(MBytes/s) = ThroughPutCounter0 / Sliding Time Window,Value,,73,,
9345651,20227,128,CPTracer,,CPT,MSMC_1,Bus Throughput(MBytes/s) = ThroughPutCounter0 / Sliding Time Window,Value,,48,,
9476311,20227,128,CPTracer,,CPT,MSMC_1,Bus Throughput(MBytes/s) = ThroughPutCounter0 / Sliding Time Window,Value,,48,,
9606971,20227,128,CPTracer,,CPT,MSMC_1,Bus Throughput(MBytes/s) = ThroughPutCounter0 / Sliding Time Window,Value,,61,,
9737631,20227,128,CPTracer,,CPT,MSMC_1,Bus Throughput(MBytes/s) = ThroughPutCounter0 / Sliding Time Window,Value,,48,,
9868291,20227,128,CPTracer,,CPT,MSMC_1,Bus Throughput(MBytes/s) = ThroughPutCounter0 / Sliding Time Window,Value,,48,,
9998951,20227,128,CPTracer,,CPT,MSMC_1,Bus Throughput(MBytes/s) = ThroughPutCounter0 / Sliding Time Window,Value,,48,,
10129611,20227,128,CPTracer,,CPT,MSMC_1,Bus Throughput(MBytes/s) = ThroughPutCounter0 / Sliding Time Window,Value,,66,,
10260271,20227,128,CPTracer,,CPT,MSMC_1,Bus Throughput(MBytes/s) = ThroughPutCounter0 / Sliding Time Window,Value,,48,,
10390931,20227,128,CPTracer,,CPT,MSMC_1,Bus Throughput(MBytes/s) = ThroughPutCounter0 / Sliding Time Window,Value,,48,,
10521591,20227,128,CPTracer,,CPT,MSMC_1,Bus Throughput(MBytes/s) = ThroughPutCounter0 / Sliding Time Window,Value,,73,,
10652251,20227,128,CPTracer,,CPT,MSMC_1,Bus Throughput(MBytes/s) = ThroughPutCounter0 / Sliding Time Window,Value,,48,,
10782911,20227,128,CPTracer,,CPT,MSMC_1,Bus Throughput(MBytes/s) = ThroughPutCounter0 / Sliding Time Window,Value,,48,,
10913571,20227,128,CPTracer,,CPT,MSMC_1,Bus Throughput(MBytes/s) = ThroughPutCounter0 / Sliding Time Window,Value,,73,,
