Master ID:ubyte:hex,Master Name:string,Channel Number:ubyte:hex,Module:string,Data Message:string,Data:ulong:hex,Domain:string,Class:string,Type:string,Data Size:ubyte:hex,Address:uinteger:hex,Delta Time:ulong:decimal,Time:long:decimal,Trace Status:string,Receiver Status:string,Local Delta Timestamp:ulong:decimal,Local Timestamp:long:decimal,Overflow Count:ubyte:hex
"","","","","","","","","","","","","0","Start of trace","","","0",""
"0xD0","SMSET1","","SET","occurred","0x3","INTC_ARP32_INT4","computation","Event","","","3426385099771146797","3426385099771146797","","","1224736768","1224736768",""
"0xD4","SMSET2","","SET","occurred","0x3","INTC_ARP32_INT4","computation","Event","","","2","3426385099771146799","","","1224736768","2449473536",""
"0xD8","SMSET3","","SET","occurred","0x3","INTC_ARP32_INT4","computation","Event","","","2","3426385099771146801","","","1224736768","3674210304",""
"0xDC","SMSET4","","SET","occurred","0x3","INTC_ARP32_INT4","computation","Event","","","3","3426385099771146804","","","1224736768","4898947072",""
"0xD0","SMSET1","","SET","start","0x7","VCOP_EVE_LOOP","computation","Event","","","203","3426385099771147007","","","4480","4898951552",""
"0xD4","SMSET2","","SET","start","0x7","VCOP_EVE_LOOP","computation","Event","","","6","3426385099771147013","","","4576","4898956128",""
"0xD8","SMSET3","","SET","start","0x7","VCOP_EVE_LOOP","computation","Event","","","14","3426385099771147027","","","4800","4898960928",""
"0xDC","SMSET4","","SET","start","0x7","VCOP_EVE_LOOP","computation","Event","","","4","3426385099771147031","","","4800","4898965728",""
"0xD0","SMSET1","","SET","stop","0x8","VCOP_EVE_LOOP","computation","Event","","","572","3426385099771147603","","","12608","4898978336",""
"0xD0","SMSET1","","SET","start","0x1","EDMA_TPCC_AET","computation","Event","","","5","3426385099771147608","","","109","4898978445",""
"0xD4","SMSET2","","SET","stop","0x8","VCOP_EVE_LOOP","computation","Event","","","2","3426385099771147610","","","12608","4898991053",""
"0xD0","SMSET1","","SET","start","0x7","VCOP_EVE_LOOP","computation","Event","","","4","3426385099771147614","","","1","4898991054",""
"0xD4","SMSET2","","SET","start","0x1","EDMA_TPCC_AET","computation","Event","","","2","3426385099771147616","","","141","4898991195",""
"0xD4","SMSET2","","SET","start","0x7","VCOP_EVE_LOOP","computation","Event","","","4","3426385099771147620","","","1","4898991196",""
"0xD8","SMSET3","","SET","stop","0x8","VCOP_EVE_LOOP","computation","Event","","","2","3426385099771147622","","","12608","4899003804",""
"0xDC","SMSET4","","SET","stop","0x8","VCOP_EVE_LOOP","computation","Event","","","4","3426385099771147626","","","12608","4899016412",""
"0xD8","SMSET3","","SET","start","0x1","EDMA_TPCC_AET","computation","Event","","","4","3426385099771147630","","","176","4899016588",""
"0xD8","SMSET3","","SET","start","0x7","VCOP_EVE_LOOP","computation","Event","","","2","3426385099771147632","","","1","4899016589",""
"0xDC","SMSET4","","SET","start","0x1","EDMA_TPCC_AET","computation","Event","","","3","3426385099771147635","","","180","4899016769",""
"0xDC","SMSET4","","SET","start","0x7","VCOP_EVE_LOOP","computation","Event","","","2","3426385099771147637","","","1","4899016770",""
"0xD0","SMSET1","","SET","stop","0x2","EDMA_TPCC_AET","computation","Event","","","39","3426385099771147676","","","1432","4899018202",""
"0xD4","SMSET2","","SET","stop","0x2","EDMA_TPCC_AET","computation","Event","","","7","3426385099771147683","","","1424","4899019626",""
"0xD8","SMSET3","","SET","stop","0x2","EDMA_TPCC_AET","computation","Event","","","15","3426385099771147698","","","1432","4899021058",""
"0xDC","SMSET4","","SET","stop","0x2","EDMA_TPCC_AET","computation","Event","","","5","3426385099771147703","","","1448","4899022506",""
"0xD0","SMSET1","","SET","stop","0x8","VCOP_EVE_LOOP","computation","Event","","","500","3426385099771148203","","","11200","4899033706",""
"0xD0","SMSET1","","SET","start","0x1","EDMA_TPCC_AET","computation","Event","","","2","3426385099771148205","","","49","4899033755",""
"0xD4","SMSET2","","SET","stop","0x8","VCOP_EVE_LOOP","computation","Event","","","6","3426385099771148211","","","11200","4899044955",""
"0xD4","SMSET2","","SET","start","0x1","EDMA_TPCC_AET","computation","Event","","","2","3426385099771148213","","","49","4899045004",""
"0xD0","SMSET1","","SET","start","0x7","VCOP_EVE_LOOP","computation","Event","","","2","3426385099771148215","","","1","4899045005",""
"0xD4","SMSET2","","SET","start","0x7","VCOP_EVE_LOOP","computation","Event","","","7","3426385099771148222","","","1","4899045006",""
"0xD8","SMSET3","","SET","stop","0x8","VCOP_EVE_LOOP","computation","Event","","","4","3426385099771148226","","","11200","4899056206",""
"0xD8","SMSET3","","SET","start","0x1","EDMA_TPCC_AET","computation","Event","","","2","3426385099771148228","","","49","4899056255",""
"0xDC","SMSET4","","SET","stop","0x8","VCOP_EVE_LOOP","computation","Event","","","2","3426385099771148230","","","11136","4899067391",""
"0xDC","SMSET4","","SET","start","0x1","EDMA_TPCC_AET","computation","Event","","","3","3426385099771148233","","","49","4899067440",""
"0xD8","SMSET3","","SET","start","0x7","VCOP_EVE_LOOP","computation","Event","","","4","3426385099771148237","","","1","4899067441",""
"0xDC","SMSET4","","SET","start","0x7","VCOP_EVE_LOOP","computation","Event","","","4","3426385099771148241","","","1","4899067442",""
"0xD0","SMSET1","","SET","stop","0x2","EDMA_TPCC_AET","computation","Event","","","32","3426385099771148273","","","1432","4899068874",""
"0xD4","SMSET2","","SET","stop","0x2","EDMA_TPCC_AET","computation","Event","","","14","3426385099771148287","","","1568","4899070442",""
"0xD8","SMSET3","","SET","stop","0x2","EDMA_TPCC_AET","computation","Event","","","10","3426385099771148297","","","1472","4899071914",""
"0xDC","SMSET4","","SET","stop","0x2","EDMA_TPCC_AET","computation","Event","","","3","3426385099771148300","","","1432","4899073346",""
"0xD0","SMSET1","","SET","stop","0x8","VCOP_EVE_LOOP","computation","Event","","","500","3426385099771148800","","","11200","4899084546",""
"0xD0","SMSET1","","SET","start","0x1","EDMA_TPCC_AET","computation","Event","","","2","3426385099771148802","","","51","4899084597",""
"0xD4","SMSET2","","SET","stop","0x8","VCOP_EVE_LOOP","computation","Event","","","5","3426385099771148807","","","11008","4899095605",""
"0xD4","SMSET2","","SET","start","0x1","EDMA_TPCC_AET","computation","Event","","","3","3426385099771148810","","","51","4899095656",""
"0xD0","SMSET1","","SET","start","0x7","VCOP_EVE_LOOP","computation","Event","","","2","3426385099771148812","","","1","4899095657",""
"0xD4","SMSET2","","SET","start","0x7","VCOP_EVE_LOOP","computation","Event","","","6","3426385099771148818","","","1","4899095658",""
"0xD8","SMSET3","","SET","stop","0x8","VCOP_EVE_LOOP","computation","Event","","","4","3426385099771148822","","","11136","4899106794",""
"0xD8","SMSET3","","SET","start","0x1","EDMA_TPCC_AET","computation","Event","","","3","3426385099771148825","","","51","4899106845",""
"0xDC","SMSET4","","SET","stop","0x8","VCOP_EVE_LOOP","computation","Event","","","2","3426385099771148827","","","11200","4899118045",""
"0xDC","SMSET4","","SET","start","0x1","EDMA_TPCC_AET","computation","Event","","","2","3426385099771148829","","","51","4899118096",""
"0xD8","SMSET3","","SET","start","0x7","VCOP_EVE_LOOP","computation","Event","","","4","3426385099771148833","","","1","4899118097",""
"0xDC","SMSET4","","SET","start","0x7","VCOP_EVE_LOOP","computation","Event","","","4","3426385099771148837","","","1","4899118098",""
"0xD0","SMSET1","","SET","stop","0x2","EDMA_TPCC_AET","computation","Event","","","27","3426385099771148864","","","1320","4899119418",""
"0xD4","SMSET2","","SET","stop","0x2","EDMA_TPCC_AET","computation","Event","","","4","3426385099771148868","","","1248","4899120666",""
"0xD8","SMSET3","","SET","stop","0x2","EDMA_TPCC_AET","computation","Event","","","23","3426385099771148891","","","1416","4899122082",""
"0xDC","SMSET4","","SET","stop","0x2","EDMA_TPCC_AET","computation","Event","","","7","3426385099771148898","","","1464","4899123546",""
"0xD0","SMSET1","","SET","stop","0x8","VCOP_EVE_LOOP","computation","Event","","","498","3426385099771149396","","","11264","4899134810",""
"0xD0","SMSET1","","SET","start","0x1","EDMA_TPCC_AET","computation","Event","","","3","3426385099771149399","","","49","4899134859",""
"0xD4","SMSET2","","SET","stop","0x8","VCOP_EVE_LOOP","computation","Event","","","5","3426385099771149404","","","11328","4899146187",""
"0xD4","SMSET2","","SET","start","0x1","EDMA_TPCC_AET","computation","Event","","","2","3426385099771149406","","","49","4899146236",""
"0xD0","SMSET1","","SET","start","0x7","VCOP_EVE_LOOP","computation","Event","","","2","3426385099771149408","","","1","4899146237",""
"0xD4","SMSET2","","SET","start","0x7","VCOP_EVE_LOOP","computation","Event","","","7","3426385099771149415","","","1","4899146238",""
"0xD8","SMSET3","","SET","stop","0x8","VCOP_EVE_LOOP","computation","Event","","","4","3426385099771149419","","","11200","4899157438",""
"0xD8","SMSET3","","SET","start","0x1","EDMA_TPCC_AET","computation","Event","","","2","3426385099771149421","","","49","4899157487",""
"0xDC","SMSET4","","SET","stop","0x8","VCOP_EVE_LOOP","computation","Event","","","2","3426385099771149423","","","11136","4899168623",""
"0xDC","SMSET4","","SET","start","0x1","EDMA_TPCC_AET","computation","Event","","","3","3426385099771149426","","","49","4899168672",""
"0xD8","SMSET3","","SET","start","0x7","VCOP_EVE_LOOP","computation","Event","","","4","3426385099771149430","","","1","4899168673",""
"0xDC","SMSET4","","SET","start","0x7","VCOP_EVE_LOOP","computation","Event","","","4","3426385099771149434","","","1","4899168674",""
"0xD0","SMSET1","","SET","stop","0x2","EDMA_TPCC_AET","computation","Event","","","39","3426385099771149473","","","1568","4899170242",""
"0xD4","SMSET2","","SET","stop","0x2","EDMA_TPCC_AET","computation","Event","","","2","3426385099771149475","","","1416","4899171658",""
"0xDC","SMSET4","","SET","stop","0x2","EDMA_TPCC_AET","computation","Event","","","17","3426385099771149492","","","1416","4899173074",""
"0xD8","SMSET3","","SET","stop","0x2","EDMA_TPCC_AET","computation","Event","","","2","3426385099771149494","","","1520","4899174594",""
"0xD0","SMSET1","","SET","stop","0x8","VCOP_EVE_LOOP","computation","Event","","","500","3426385099771149994","","","11008","4899185602",""
"0xD0","SMSET1","","SET","start","0x1","EDMA_TPCC_AET","computation","Event","","","2","3426385099771149996","","","53","4899185655",""
"0xD4","SMSET2","","SET","stop","0x8","VCOP_EVE_LOOP","computation","Event","","","5","3426385099771150001","","","11200","4899196855",""
"0xD4","SMSET2","","SET","start","0x1","EDMA_TPCC_AET","computation","Event","","","3","3426385099771150004","","","53","4899196908",""
"0xD0","SMSET1","","SET","start","0x7","VCOP_EVE_LOOP","computation","Event","","","2","3426385099771150006","","","1","4899196909",""
"0xD4","SMSET2","","SET","start","0x7","VCOP_EVE_LOOP","computation","Event","","","6","3426385099771150012","","","1","4899196910",""
"0xD8","SMSET3","","SET","stop","0x8","VCOP_EVE_LOOP","computation","Event","","","4","3426385099771150016","","","11072","4899207982",""
"0xD8","SMSET3","","SET","start","0x1","EDMA_TPCC_AET","computation","Event","","","3","3426385099771150019","","","53","4899208035",""
"0xDC","SMSET4","","SET","stop","0x8","VCOP_EVE_LOOP","computation","Event","","","2","3426385099771150021","","","11200","4899219235",""
"0xDC","SMSET4","","SET","start","0x1","EDMA_TPCC_AET","computation","Event","","","2","3426385099771150023","","","53","4899219288",""
"0xD8","SMSET3","","SET","start","0x7","VCOP_EVE_LOOP","computation","Event","","","4","3426385099771150027","","","1","4899219289",""
"0xDC","SMSET4","","SET","start","0x7","VCOP_EVE_LOOP","computation","Event","","","4","3426385099771150031","","","1","4899219290",""
"0xD0","SMSET1","","SET","stop","0x2","EDMA_TPCC_AET","computation","Event","","","30","3426385099771150061","","","1376","4899220666",""
"0xD4","SMSET2","","SET","stop","0x2","EDMA_TPCC_AET","computation","Event","","","7","3426385099771150068","","","1352","4899222018",""
"0xD8","SMSET3","","SET","stop","0x2","EDMA_TPCC_AET","computation","Event","","","18","3426385099771150086","","","1432","4899223450",""
"0xDC","SMSET4","","SET","stop","0x2","EDMA_TPCC_AET","computation","Event","","","5","3426385099771150091","","","1440","4899224890",""
"0xD0","SMSET1","","SET","stop","0x8","VCOP_EVE_LOOP","computation","Event","","","500","3426385099771150591","","","11200","4899236090",""
"0xD0","SMSET1","","SET","start","0x1","EDMA_TPCC_AET","computation","Event","","","2","3426385099771150593","","","47","4899236137",""
"0xD4","SMSET2","","SET","stop","0x8","VCOP_EVE_LOOP","computation","Event","","","5","3426385099771150598","","","11264","4899247401",""
"0xD4","SMSET2","","SET","start","0x1","EDMA_TPCC_AET","computation","Event","","","2","3426385099771150600","","","47","4899247448",""
"0xD8","SMSET3","","SET","stop","0x8","VCOP_EVE_LOOP","computation","Event","","","13","3426385099771150613","","","11200","4899258648",""
"0xD8","SMSET3","","SET","start","0x1","EDMA_TPCC_AET","computation","Event","","","2","3426385099771150615","","","47","4899258695",""
"0xDC","SMSET4","","SET","stop","0x8","VCOP_EVE_LOOP","computation","Event","","","2","3426385099771150617","","","11136","4899269831",""
"0xDC","SMSET4","","SET","start","0x1","EDMA_TPCC_AET","computation","Event","","","2","3426385099771150619","","","47","4899269878",""
"0xD0","SMSET1","","SET","stop","0x2","EDMA_TPCC_AET","computation","Event","","","35","3426385099771150654","","","1288","4899271166",""
"0xD4","SMSET2","","SET","stop","0x2","EDMA_TPCC_AET","computation","Event","","","8","3426385099771150662","","","1304","4899272470",""
"0xD8","SMSET3","","SET","stop","0x2","EDMA_TPCC_AET","computation","Event","","","20","3426385099771150682","","","1424","4899273894",""
"0xDC","SMSET4","","SET","stop","0x2","EDMA_TPCC_AET","computation","Event","","","6","3426385099771150688","","","1448","4899275342",""
"0xD0","SMSET1","","SET","start","0x7","VCOP_EVE_LOOP","computation","Event","","","39","3426385099771150727","","","1560","4899276902",""
"0xD4","SMSET2","","SET","start","0x7","VCOP_EVE_LOOP","computation","Event","","","24","3426385099771150751","","","1888","4899278790",""
"0xD8","SMSET3","","SET","start","0x7","VCOP_EVE_LOOP","computation","Event","","","43","3426385099771150794","","","2368","4899281158",""
"0xDC","SMSET4","","SET","start","0x7","VCOP_EVE_LOOP","computation","Event","","","4","3426385099771150798","","","2336","4899283494",""
"0xD0","SMSET1","","SET","stop","0x8","VCOP_EVE_LOOP","computation","Event","","","524","3426385099771151322","","","12608","4899296102",""
"0xD0","SMSET1","","SET","start","0x1","EDMA_TPCC_AET","computation","Event","","","2","3426385099771151324","","","51","4899296153",""
"0xD0","SMSET1","","SET","start","0x7","VCOP_EVE_LOOP","computation","Event","","","9","3426385099771151333","","","1","4899296154",""
"0xD4","SMSET2","","SET","stop","0x8","VCOP_EVE_LOOP","computation","Event","","","12","3426385099771151345","","","12608","4899308762",""
"0xD4","SMSET2","","SET","start","0x1","EDMA_TPCC_AET","computation","Event","","","3","3426385099771151348","","","51","4899308813",""
"0xD4","SMSET2","","SET","start","0x7","VCOP_EVE_LOOP","computation","Event","","","8","3426385099771151356","","","1","4899308814",""
"0xD0","SMSET1","","SET","stop","0x2","EDMA_TPCC_AET","computation","Event","","","8","3426385099771151364","","","844","4899309658",""
"0xD4","SMSET2","","SET","stop","0x2","EDMA_TPCC_AET","computation","Event","","","23","3426385099771151387","","","840","4899310498",""
"0xD8","SMSET3","","SET","stop","0x8","VCOP_EVE_LOOP","computation","Event","","","2","3426385099771151389","","","12608","4899323106",""
"0xD8","SMSET3","","SET","start","0x1","EDMA_TPCC_AET","computation","Event","","","2","3426385099771151391","","","51","4899323157",""
"0xDC","SMSET4","","SET","stop","0x8","VCOP_EVE_LOOP","computation","Event","","","2","3426385099771151393","","","12608","4899335765",""
"0xDC","SMSET4","","SET","start","0x1","EDMA_TPCC_AET","computation","Event","","","5","3426385099771151398","","","51","4899335816",""
"0xD8","SMSET3","","SET","start","0x7","VCOP_EVE_LOOP","computation","Event","","","2","3426385099771151400","","","1","4899335817",""
"0xDC","SMSET4","","SET","start","0x7","VCOP_EVE_LOOP","computation","Event","","","3","3426385099771151403","","","1","4899335818",""
"0xD8","SMSET3","","SET","stop","0x2","EDMA_TPCC_AET","computation","Event","","","35","3426385099771151438","","","992","4899336810",""
"0xDC","SMSET4","","SET","stop","0x2","EDMA_TPCC_AET","computation","Event","","","2","3426385099771151440","","","960","4899337770",""
"0xD0","SMSET1","","SET","stop","0x8","VCOP_EVE_LOOP","computation","Event","","","478","3426385099771151918","","","11776","4899349546",""
"0xD0","SMSET1","","SET","start","0x1","EDMA_TPCC_AET","computation","Event","","","2","3426385099771151920","","","49","4899349595",""
"0xD0","SMSET1","","SET","start","0x7","VCOP_EVE_LOOP","computation","Event","","","9","3426385099771151929","","","1","4899349596",""
"0xD4","SMSET2","","SET","stop","0x8","VCOP_EVE_LOOP","computation","Event","","","13","3426385099771151942","","","11776","4899361372",""
"0xD4","SMSET2","","SET","start","0x1","EDMA_TPCC_AET","computation","Event","","","2","3426385099771151944","","","49","4899361421",""
"0xD4","SMSET2","","SET","start","0x7","VCOP_EVE_LOOP","computation","Event","","","9","3426385099771151953","","","1","4899361422",""
"0xD0","SMSET1","","SET","stop","0x2","EDMA_TPCC_AET","computation","Event","","","7","3426385099771151960","","","852","4899362274",""
"0xD4","SMSET2","","SET","stop","0x2","EDMA_TPCC_AET","computation","Event","","","24","3426385099771151984","","","832","4899363106",""
"0xD8","SMSET3","","SET","stop","0x8","VCOP_EVE_LOOP","computation","Event","","","2","3426385099771151986","","","11584","4899374690",""
"0xD8","SMSET3","","SET","start","0x1","EDMA_TPCC_AET","computation","Event","","","1","3426385099771151987","","","49","4899374739",""
"0xDC","SMSET4","","SET","stop","0x8","VCOP_EVE_LOOP","computation","Event","","","2","3426385099771151989","","","11648","4899386387",""
"0xDC","SMSET4","","SET","start","0x1","EDMA_TPCC_AET","computation","Event","","","6","3426385099771151995","","","49","4899386436",""
"0xD8","SMSET3","","SET","start","0x7","VCOP_EVE_LOOP","computation","Event","","","2","3426385099771151997","","","1","4899386437",""
"0xDC","SMSET4","","SET","start","0x7","VCOP_EVE_LOOP","computation","Event","","","3","3426385099771152000","","","1","4899386438",""
"0xD8","SMSET3","","SET","stop","0x2","EDMA_TPCC_AET","computation","Event","","","34","3426385099771152034","","","976","4899387414",""
"0xDC","SMSET4","","SET","stop","0x2","EDMA_TPCC_AET","computation","Event","","","3","3426385099771152037","","","968","4899388382",""
"0xD0","SMSET1","","SET","stop","0x8","VCOP_EVE_LOOP","computation","Event","","","478","3426385099771152515","","","11776","4899400158",""
"0xD0","SMSET1","","SET","start","0x1","EDMA_TPCC_AET","computation","Event","","","2","3426385099771152517","","","51","4899400209",""
"0xD0","SMSET1","","SET","start","0x7","VCOP_EVE_LOOP","computation","Event","","","9","3426385099771152526","","","1","4899400210",""
"0xD4","SMSET2","","SET","stop","0x8","VCOP_EVE_LOOP","computation","Event","","","13","3426385099771152539","","","11776","4899411986",""
"0xD4","SMSET2","","SET","start","0x1","EDMA_TPCC_AET","computation","Event","","","2","3426385099771152541","","","51","4899412037",""
"0xD4","SMSET2","","SET","start","0x7","VCOP_EVE_LOOP","computation","Event","","","9","3426385099771152550","","","1","4899412038",""
"0xD0","SMSET1","","SET","stop","0x2","EDMA_TPCC_AET","computation","Event","","","7","3426385099771152557","","","840","4899412878",""
"0xD4","SMSET2","","SET","stop","0x2","EDMA_TPCC_AET","computation","Event","","","23","3426385099771152580","","","832","4899413710",""
"0xD8","SMSET3","","SET","stop","0x8","VCOP_EVE_LOOP","computation","Event","","","2","3426385099771152582","","","11648","4899425358",""
"0xD8","SMSET3","","SET","start","0x1","EDMA_TPCC_AET","computation","Event","","","2","3426385099771152584","","","51","4899425409",""
"0xDC","SMSET4","","SET","stop","0x8","VCOP_EVE_LOOP","computation","Event","","","2","3426385099771152586","","","11648","4899437057",""
"0xDC","SMSET4","","SET","start","0x1","EDMA_TPCC_AET","computation","Event","","","5","3426385099771152591","","","51","4899437108",""
"0xD8","SMSET3","","SET","start","0x7","VCOP_EVE_LOOP","computation","Event","","","2","3426385099771152593","","","1","4899437109",""
"0xDC","SMSET4","","SET","start","0x7","VCOP_EVE_LOOP","computation","Event","","","3","3426385099771152596","","","1","4899437110",""
"0xD8","SMSET3","","SET","stop","0x2","EDMA_TPCC_AET","computation","Event","","","35","3426385099771152631","","","996","4899438106",""
"0xDC","SMSET4","","SET","stop","0x2","EDMA_TPCC_AET","computation","Event","","","2","3426385099771152633","","","960","4899439066",""
"0xD0","SMSET1","","SET","stop","0x8","VCOP_EVE_LOOP","computation","Event","","","478","3426385099771153111","","","11776","4899450842",""
"0xD0","SMSET1","","SET","start","0x1","EDMA_TPCC_AET","computation","Event","","","3","3426385099771153114","","","49","4899450891",""
"0xD0","SMSET1","","SET","start","0x7","VCOP_EVE_LOOP","computation","Event","","","8","3426385099771153122","","","1","4899450892",""
"0xD4","SMSET2","","SET","stop","0x8","VCOP_EVE_LOOP","computation","Event","","","13","3426385099771153135","","","11776","4899462668",""
"0xD4","SMSET2","","SET","start","0x1","EDMA_TPCC_AET","computation","Event","","","3","3426385099771153138","","","49","4899462717",""
"0xD4","SMSET2","","SET","start","0x7","VCOP_EVE_LOOP","computation","Event","","","8","3426385099771153146","","","1","4899462718",""
"0xD0","SMSET1","","SET","stop","0x2","EDMA_TPCC_AET","computation","Event","","","8","3426385099771153154","","","856","4899463574",""
"0xD4","SMSET2","","SET","stop","0x2","EDMA_TPCC_AET","computation","Event","","","22","3426385099771153176","","","824","4899464398",""
"0xD8","SMSET3","","SET","stop","0x8","VCOP_EVE_LOOP","computation","Event","","","2","3426385099771153178","","","11584","4899475982",""
"0xD8","SMSET3","","SET","start","0x1","EDMA_TPCC_AET","computation","Event","","","3","3426385099771153181","","","49","4899476031",""
"0xDC","SMSET4","","SET","stop","0x8","VCOP_EVE_LOOP","computation","Event","","","2","3426385099771153183","","","11648","4899487679",""
"0xDC","SMSET4","","SET","start","0x1","EDMA_TPCC_AET","computation","Event","","","4","3426385099771153187","","","49","4899487728",""
"0xD8","SMSET3","","SET","start","0x7","VCOP_EVE_LOOP","computation","Event","","","2","3426385099771153189","","","1","4899487729",""
"0xDC","SMSET4","","SET","start","0x7","VCOP_EVE_LOOP","computation","Event","","","4","3426385099771153193","","","1","4899487730",""
"0xD8","SMSET3","","SET","stop","0x2","EDMA_TPCC_AET","computation","Event","","","33","3426385099771153226","","","956","4899488686",""
"0xDC","SMSET4","","SET","stop","0x2","EDMA_TPCC_AET","computation","Event","","","5","3426385099771153231","","","976","4899489662",""
"0xD0","SMSET1","","SET","stop","0x8","VCOP_EVE_LOOP","computation","Event","","","478","3426385099771153709","","","11776","4899501438",""
"0xD0","SMSET1","","SET","start","0x1","EDMA_TPCC_AET","computation","Event","","","2","3426385099771153711","","","53","4899501491",""
"0xD0","SMSET1","","SET","start","0x7","VCOP_EVE_LOOP","computation","Event","","","9","3426385099771153720","","","1","4899501492",""
"0xD4","SMSET2","","SET","stop","0x8","VCOP_EVE_LOOP","computation","Event","","","13","3426385099771153733","","","11776","4899513268",""
"0xD4","SMSET2","","SET","start","0x1","EDMA_TPCC_AET","computation","Event","","","2","3426385099771153735","","","53","4899513321",""
"0xD4","SMSET2","","SET","start","0x7","VCOP_EVE_LOOP","computation","Event","","","9","3426385099771153744","","","1","4899513322",""
"0xD0","SMSET1","","SET","stop","0x2","EDMA_TPCC_AET","computation","Event","","","7","3426385099771153751","","","836","4899514158",""
"0xD4","SMSET2","","SET","stop","0x2","EDMA_TPCC_AET","computation","Event","","","23","3426385099771153774","","","816","4899514974",""
"0xD8","SMSET3","","SET","stop","0x8","VCOP_EVE_LOOP","computation","Event","","","2","3426385099771153776","","","11648","4899526622",""
"0xD8","SMSET3","","SET","start","0x1","EDMA_TPCC_AET","computation","Event","","","2","3426385099771153778","","","53","4899526675",""
"0xDC","SMSET4","","SET","stop","0x8","VCOP_EVE_LOOP","computation","Event","","","2","3426385099771153780","","","11648","4899538323",""
"0xDC","SMSET4","","SET","start","0x1","EDMA_TPCC_AET","computation","Event","","","5","3426385099771153785","","","53","4899538376",""
"0xD8","SMSET3","","SET","start","0x7","VCOP_EVE_LOOP","computation","Event","","","2","3426385099771153787","","","1","4899538377",""
"0xDC","SMSET4","","SET","start","0x7","VCOP_EVE_LOOP","computation","Event","","","3","3426385099771153790","","","1","4899538378",""
"0xD8","SMSET3","","SET","stop","0x2","EDMA_TPCC_AET","computation","Event","","","32","3426385099771153822","","","920","4899539298",""
"0xDC","SMSET4","","SET","stop","0x2","EDMA_TPCC_AET","computation","Event","","","6","3426385099771153828","","","972","4899540270",""
"0xD0","SMSET1","","SET","stop","0x8","VCOP_EVE_LOOP","computation","Event","","","478","3426385099771154306","","","11776","4899552046",""
"0xD0","SMSET1","","SET","start","0x1","EDMA_TPCC_AET","computation","Event","","","2","3426385099771154308","","","46","4899552092",""
"0xD4","SMSET2","","SET","stop","0x8","VCOP_EVE_LOOP","computation","Event","","","21","3426385099771154329","","","11776","4899563868",""
"0xD4","SMSET2","","SET","start","0x1","EDMA_TPCC_AET","computation","Event","","","2","3426385099771154331","","","46","4899563914",""
"0xD0","SMSET1","","SET","stop","0x2","EDMA_TPCC_AET","computation","Event","","","17","3426385099771154348","","","844","4899564758",""
"0xD4","SMSET2","","SET","stop","0x2","EDMA_TPCC_AET","computation","Event","","","22","3426385099771154370","","","816","4899565574",""
"0xD8","SMSET3","","SET","stop","0x8","VCOP_EVE_LOOP","computation","Event","","","3","3426385099771154373","","","11712","4899577286",""
"0xD8","SMSET3","","SET","start","0x1","EDMA_TPCC_AET","computation","Event","","","2","3426385099771154375","","","46","4899577332",""
"0xDC","SMSET4","","SET","stop","0x8","VCOP_EVE_LOOP","computation","Event","","","2","3426385099771154377","","","11648","4899588980",""
"0xDC","SMSET4","","SET","start","0x1","EDMA_TPCC_AET","computation","Event","","","4","3426385099771154381","","","46","4899589026",""
"0xD8","SMSET3","","SET","stop","0x2","EDMA_TPCC_AET","computation","Event","","","38","3426385099771154419","","","944","4899589970",""
"0xDC","SMSET4","","SET","stop","0x2","EDMA_TPCC_AET","computation","Event","","","5","3426385099771154424","","","964","4899590934",""
"","","","","","","","","","","","","3426385099771154424","End of trace","","","4899590934",""
